TRUE_TIME,TIME,USFLUX,MEANGAM,MEANGBT,MEANGBZ,MEANGBH,MEANJZD,TOTUSJZ,MEANJZH,TOTUSJH,ABSNJZH,SAVNCPP,MEANPOT,TOTPOT,MEANSHR,SHRGT45,R_VALUE,AREA_ACR
2012.10.16_16:36:00_TAI,0.0,7.337086e+20,32.570,154.039,151.369,77.310,1.69116759,1.308461e+12,-0.00825544,65.345,9.304,9.954367e+11,1.926901e+03,2.884004e+21,20.174,0.710,0.000,103.761932
2012.10.16_16:48:00_TAI,0.2,7.344296e+20,32.355,152.139,149.507,78.036,0.43903738,1.335056e+12,-0.01304402,67.223,14.596,5.972529e+11,2.005868e+03,2.980884e+21,20.429,1.609,0.000,102.565048
2012.10.16_17:00:00_TAI,0.4,7.122783e+20,32.648,158.126,155.063,80.598,2.13299513,1.330025e+12,-0.01088104,66.977,11.686,1.196424e+12,2.095600e+03,2.988996e+21,20.546,1.769,0.000,102.523621
2012.10.16_17:12:00_TAI,0.6,7.109803e+20,32.702,151.869,149.779,78.485,0.80343747,1.262292e+12,-0.01115111,64.294,11.987,4.510725e+11,2.045839e+03,2.920737e+21,20.890,1.116,0.000,103.495880
2012.10.16_17:24:00_TAI,0.8,7.010053e+20,32.268,151.746,150.908,78.611,0.58019125,1.315904e+12,-0.01185659,66.252,12.402,4.258896e+11,2.051844e+03,2.850286e+21,20.692,1.052,0.000,103.828079
2012.10.16_17:36:00_TAI,1.0,6.947733e+20,31.984,149.922,150.155,75.599,1.54586422,1.230923e+12,-0.00853264,62.344,8.814,8.339674e+11,2.038714e+03,2.796850e+21,20.742,0.774,0.000,104.579384
2012.10.16_17:48:00_TAI,1.2,6.990936e+20,31.605,151.341,153.135,75.809,0.96663058,1.207690e+12,-0.01020322,64.143,10.295,5.093610e+11,1.919020e+03,2.571480e+21,19.628,0.694,0.000,102.043747
2012.10.16_18:24:00_TAI,1.8,6.662955e+20,29.979,149.049,153.032,68.400,1.03177214,1.202796e+12,-0.01705310,64.502,16.218,5.930146e+11,1.839094e+03,2.322721e+21,20.001,1.052,0.000,99.195549
2012.10.16_18:36:00_TAI,2.0,6.467002e+20,29.576,151.272,156.224,67.234,1.28895545,1.157283e+12,-0.01353637,63.254,12.399,6.165955e+11,1.779346e+03,2.164554e+21,19.658,2.293,0.000,99.523178
2012.10.16_18:48:00_TAI,2.2,6.917042e+20,30.885,150.746,154.233,68.931,1.44682968,1.348772e+12,-0.01382922,70.120,14.175,7.744761e+11,1.752869e+03,2.386085e+21,20.160,2.634,0.000,97.543640
2012.10.16_19:24:00_TAI,2.8,8.363211e+20,32.853,139.533,141.667,63.220,1.31232035,1.672310e+12,-0.00579729,74.982,8.400,9.930658e+11,1.490036e+03,2.867330e+21,21.851,3.658,0.000,96.739754
2012.10.16_19:36:00_TAI,3.0,8.844947e+20,33.609,134.671,135.014,60.536,1.60173488,1.801151e+12,-0.00439577,77.703,7.011,1.334207e+12,1.469383e+03,3.112493e+21,23.297,6.270,0.000,98.173195
2012.10.16_19:48:00_TAI,3.2,8.756621e+20,32.966,133.415,134.312,61.161,1.52120352,1.667505e+12,-0.00386457,74.447,5.913,1.215496e+12,1.556442e+03,3.162545e+21,22.964,5.948,0.000,99.303322
2012.10.16_20:00:00_TAI,3.4,8.575780e+20,32.464,136.151,136.899,61.002,1.24529576,1.538432e+12,-0.00242052,70.174,3.592,9.651272e+11,1.565120e+03,3.084565e+21,22.291,3.976,0.000,98.479576
2012.10.16_20:12:00_TAI,3.6,7.839569e+20,32.605,140.549,141.426,64.862,1.69087720,1.383756e+12,-0.00193473,63.762,2.527,1.153287e+12,1.559623e+03,2.705051e+21,21.484,2.757,0.000,99.124283
2012.10.16_20:24:00_TAI,3.8,7.715071e+20,32.393,143.062,143.877,65.127,0.98434579,1.366094e+12,-0.00345092,64.020,4.383,6.528867e+11,1.550267e+03,2.614706e+21,20.864,2.205,0.000,96.234085
2012.10.16_20:36:00_TAI,4.0,7.829752e+20,32.251,143.727,145.057,65.645,1.24176514,1.315722e+12,-0.00397976,62.823,5.018,8.177976e+11,1.607509e+03,2.692037e+21,20.726,1.665,0.000,94.910469
2012.10.16_20:48:00_TAI,4.2,7.392486e+20,32.172,145.462,145.367,69.080,1.39232874,1.230283e+12,-0.00550213,60.164,6.460,8.537029e+11,1.689599e+03,2.634295e+21,21.216,2.981,0.000,93.674995
2012.10.16_21:00:00_TAI,4.4,7.277485e+20,31.857,146.001,146.870,68.165,0.61092728,1.181026e+12,-0.00222675,56.128,2.530,3.624688e+11,1.674717e+03,2.526576e+21,20.991,2.025,0.000,94.056877
2012.10.16_21:12:00_TAI,4.6,7.362086e+20,32.551,145.303,145.797,68.917,1.13511598,1.290784e+12,-0.00590765,61.802,6.918,6.942346e+11,1.701880e+03,2.646661e+21,21.422,2.647,0.000,93.881584
2012.10.16_21:24:00_TAI,4.8,6.835594e+20,32.299,149.549,149.554,71.420,0.91684663,1.228765e+12,-0.00547875,59.040,5.813,5.080751e+11,1.743921e+03,2.457281e+21,20.696,1.131,0.000,93.112404
2012.10.16_21:36:00_TAI,5.0,7.025850e+20,32.070,146.310,146.990,69.664,0.81999695,1.262662e+12,-0.00662681,60.843,7.276,4.702597e+11,1.754651e+03,2.558619e+21,21.887,3.370,0.000,92.794037
2012.10.16_21:48:00_TAI,5.2,7.179030e+20,31.696,145.426,145.177,68.803,1.15529287,1.232273e+12,-0.00674873,58.720,7.687,6.873003e+11,1.691933e+03,2.559290e+21,21.569,3.600,0.000,91.235985
2012.10.16_22:00:00_TAI,5.4,6.488806e+20,31.523,147.069,147.412,70.182,0.84572256,1.137794e+12,-0.01133436,54.677,11.334,7.174410e+11,1.781260e+03,2.365592e+21,21.451,2.200,0.000,90.972588
2012.10.16_22:12:00_TAI,5.6,6.255574e+20,31.222,140.593,141.321,66.791,1.01733613,1.065294e+12,-0.00848406,51.368,8.289,5.196969e+11,1.720982e+03,2.235259e+21,21.288,1.329,0.000,93.074013
2012.10.16_22:24:00_TAI,5.8,6.359910e+20,31.790,149.915,150.915,69.708,0.51768392,1.074263e+12,-0.01169988,53.519,11.407,4.512635e+11,1.753239e+03,2.270169e+21,20.999,2.462,0.000,90.961716
2012.10.16_22:36:00_TAI,6.0,5.881966e+20,32.913,148.916,150.493,70.466,0.71329492,1.039634e+12,-0.01079945,49.963,10.022,4.599535e+11,1.693314e+03,2.086883e+21,21.483,2.371,0.000,91.766289
2012.10.16_22:48:00_TAI,6.2,5.872668e+20,32.086,147.028,147.635,69.450,0.32801995,1.046807e+12,-0.00228158,49.848,2.133,1.602084e+11,1.692440e+03,2.101539e+21,21.543,2.674,0.000,92.627434
2012.10.16_23:00:00_TAI,6.4,5.921807e+20,31.411,140.014,140.902,66.678,0.55408418,1.029414e+12,-0.00280795,48.151,2.625,2.706262e+11,1.716620e+03,2.131563e+21,21.786,3.316,0.000,91.347786
2012.10.16_23:12:00_TAI,6.6,6.133386e+20,32.083,141.349,142.507,65.153,0.80268294,1.033621e+12,-0.00907464,47.798,8.866,4.096666e+11,1.730882e+03,2.245818e+21,21.359,2.456,0.000,94.367378
2012.10.16_23:24:00_TAI,6.8,6.117952e+20,30.908,138.661,140.468,64.426,0.00898514,1.024243e+12,-0.00894319,48.627,8.612,4.158425e+11,1.748104e+03,2.235663e+21,21.423,1.765,0.000,93.918343
2012.10.16_23:36:00_TAI,7.0,6.223655e+20,31.397,140.619,142.853,63.772,0.68258870,1.082713e+12,-0.00348495,51.257,3.461,3.540950e+11,1.659417e+03,2.188353e+21,21.244,2.115,0.000,95.174126
2012.10.16_23:48:00_TAI,7.2,6.099372e+20,31.280,140.134,142.030,64.131,1.50290728,9.928020e+11,-0.00348692,46.599,3.386,7.623819e+11,1.656492e+03,2.136097e+21,21.132,2.678,0.000,96.619789
2012.10.17_00:00:00_TAI,7.4,6.383796e+20,31.070,135.336,138.484,63.917,1.02809405,1.024184e+12,-0.00343467,49.049,3.483,5.446302e+11,1.621028e+03,2.182936e+21,20.801,1.381,0.000,96.307602
2012.10.17_00:12:00_TAI,7.6,6.347042e+20,31.607,136.032,139.031,63.104,0.50800145,1.076835e+12,-0.00427146,50.570,4.357,2.707110e+11,1.670124e+03,2.262359e+21,21.481,2.059,0.000,97.661285
2012.10.17_00:24:00_TAI,7.8,6.478261e+20,31.014,136.867,139.235,63.428,1.03102994,1.103783e+12,-0.00473335,51.123,4.894,5.569838e+11,1.645157e+03,2.259126e+21,20.816,1.547,0.000,96.209213
2012.10.17_00:36:00_TAI,8.0,6.538023e+20,30.406,139.841,141.863,64.911,0.18343870,1.093607e+12,-0.00417710,53.213,4.277,1.301261e+11,1.651421e+03,2.245795e+21,20.451,2.344,0.000,97.974014
2012.10.17_00:48:00_TAI,8.2,6.806835e+20,30.525,149.346,151.283,69.104,0.39015460,1.131880e+12,-0.00705358,55.367,7.343,4.909594e+11,1.752051e+03,2.422200e+21,20.856,2.978,0.000,96.701775
2012.10.17_01:00:00_TAI,8.4,6.553047e+20,31.347,149.155,151.624,69.017,0.75156367,1.104477e+12,0.00011508,53.384,0.116,3.958276e+11,1.661499e+03,2.224196e+21,20.401,1.091,0.000,95.933098
2012.10.17_01:12:00_TAI,8.6,6.631334e+20,32.219,144.748,147.837,65.381,0.24347948,1.101954e+12,0.00082327,51.849,0.869,1.794598e+11,1.651234e+03,2.313523e+21,21.379,2.180,0.000,93.971146
2012.10.17_01:24:00_TAI,8.8,6.836904e+20,31.766,144.977,147.167,67.371,0.62090856,1.201000e+12,-0.00816734,57.841,8.837,6.131505e+11,1.618669e+03,2.325937e+21,20.514,1.294,0.000,95.019096
2012.10.17_01:36:00_TAI,9.0,6.783218e+20,31.733,146.190,146.587,68.289,0.49834925,1.160345e+12,-0.00235550,55.955,2.523,2.788886e+11,1.714365e+03,2.438402e+21,21.088,1.494,0.000,93.601585
2012.10.17_01:48:00_TAI,9.2,6.983201e+20,32.270,142.766,143.396,66.752,0.60580057,1.188310e+12,-0.00189782,56.414,2.143,3.573880e+11,1.635654e+03,2.452437e+21,21.311,1.506,0.000,93.943306
2012.10.17_02:00:00_TAI,9.4,6.821460e+20,31.667,143.489,144.752,66.452,0.75496495,1.188043e+12,-0.00469353,56.482,5.050,4.244866e+11,1.656937e+03,2.367723e+21,20.733,1.022,0.000,95.506287
2012.10.17_02:12:00_TAI,9.6,6.877959e+20,31.646,147.208,147.881,69.540,0.46466023,1.166195e+12,-0.00204507,57.212,2.188,2.598079e+11,1.681769e+03,2.389806e+21,20.613,1.682,0.000,92.094780
2012.10.17_02:24:00_TAI,9.8,6.919852e+20,31.454,146.109,145.931,67.532,0.19881023,1.154389e+12,-0.00310455,55.006,3.399,1.137611e+11,1.731329e+03,2.517714e+21,21.143,1.644,0.000,93.504288
2012.10.17_02:36:00_TAI,10.0,6.853603e+20,31.835,146.958,146.658,68.444,0.07710434,1.147771e+12,-0.00669301,54.267,7.336,1.573363e+11,1.654813e+03,2.408642e+21,20.504,1.825,0.000,92.782013
2012.10.17_02:48:00_TAI,10.2,7.124707e+20,31.648,145.705,143.816,67.588,0.01694459,1.211902e+12,-0.00439214,57.556,5.073,1.596383e+11,1.766930e+03,2.710279e+21,21.780,3.117,0.000,92.525185
2012.10.17_03:00:00_TAI,10.4,7.077065e+20,31.996,143.261,142.293,67.244,0.43720388,1.192088e+12,-0.00604917,55.868,6.981,2.636649e+11,1.735570e+03,2.659871e+21,21.483,2.166,0.000,92.963066
2012.10.17_03:12:00_TAI,10.6,6.986593e+20,32.619,145.594,144.598,65.907,0.78494364,1.198597e+12,-0.00695860,55.012,7.975,4.701018e+11,1.727412e+03,2.629015e+21,21.586,2.967,0.000,91.640091
2012.10.17_03:24:00_TAI,10.8,6.978455e+20,31.395,146.010,145.048,65.905,1.12078929,1.158159e+12,-0.00887684,54.059,9.933,6.554338e+11,1.645689e+03,2.445629e+21,20.554,1.609,0.000,92.173454
2012.10.17_03:36:00_TAI,11.0,7.410366e+20,31.470,143.780,144.747,62.660,1.28789020,1.242152e+12,-0.00905718,58.033,11.059,8.218160e+11,1.536353e+03,2.491261e+21,20.829,2.621,0.000,92.382034
2012.10.17_03:48:00_TAI,11.2,7.168324e+20,31.496,143.327,143.310,63.734,1.34439623,1.232271e+12,-0.00766926,57.261,9.119,8.353996e+11,1.560301e+03,2.463786e+21,21.280,2.103,0.000,93.513580
2012.10.17_04:00:00_TAI,11.4,7.091863e+20,32.617,140.522,139.741,63.260,1.41550672,1.285965e+12,-0.00752902,55.791,9.313,9.151053e+11,1.529661e+03,2.512912e+21,23.112,4.770,0.000,94.235367
2012.10.17_04:12:00_TAI,11.6,7.429947e+20,31.173,137.914,137.684,62.697,1.12372196,1.340346e+12,-0.00501172,60.542,6.390,7.487943e+11,1.521272e+03,2.575904e+21,22.189,4.392,2.095,96.770752
2012.10.17_04:36:00_TAI,12.0,7.924325e+20,31.500,142.586,142.213,63.326,0.78402084,1.525625e+12,-0.00699000,66.868,9.695,5.683338e+11,1.591432e+03,2.931413e+21,22.427,4.110,0.000,93.840561
2012.10.17_04:48:00_TAI,12.2,7.672962e+20,31.864,142.048,142.035,62.235,1.01225722,1.637035e+12,-0.00352950,70.422,4.850,7.269076e+11,1.582667e+03,2.887945e+21,23.110,6.259,0.000,91.399078
2012.10.17_05:00:00_TAI,12.4,7.221166e+20,31.197,136.666,136.292,60.673,1.27005005,1.535206e+12,-0.00466237,66.523,5.945,8.463194e+11,1.566522e+03,2.652524e+21,22.435,5.412,0.000,94.673286
2012.10.17_05:12:00_TAI,12.6,7.273578e+20,31.700,141.045,141.689,60.398,1.31806934,1.519037e+12,-0.00912763,65.820,11.501,8.679866e+11,1.654138e+03,2.767928e+21,22.760,4.841,0.000,97.727036
2012.10.17_05:24:00_TAI,12.8,6.097185e+20,31.560,138.836,139.677,61.086,0.62591988,1.228962e+12,-0.00535363,53.999,5.461,3.336749e+11,1.653554e+03,2.239913e+21,22.094,3.922,0.000,98.030762
2012.10.17_05:36:00_TAI,13.0,5.741385e+20,29.494,139.400,140.270,60.228,1.18266094,1.063639e+12,-0.00551279,48.661,5.105,5.723684e+11,1.646963e+03,2.025384e+21,21.229,2.484,0.000,97.723923
2012.10.17_05:48:00_TAI,13.2,5.879889e+20,29.356,139.322,141.294,61.027,1.64963830,1.212581e+12,-0.00555099,56.343,5.223,8.113007e+11,1.720669e+03,2.150301e+21,21.485,3.188,0.000,97.799721
2012.10.17_06:24:00_TAI,13.8,5.462823e+20,30.543,142.260,144.728,66.619,0.57008517,9.430407e+11,-0.00949659,45.878,7.939,3.614559e+11,1.803378e+03,2.002191e+21,20.928,1.794,0.000,94.525421
2012.10.17_06:36:00_TAI,14.0,5.355242e+20,30.553,143.918,144.914,67.677,1.32703388,9.490332e+11,-0.01095054,45.742,8.968,5.680151e+11,1.732098e+03,1.883948e+21,20.320,1.343,0.000,95.147896
2012.10.17_06:48:00_TAI,14.2,5.493045e+20,30.983,144.532,144.594,70.814,1.15733933,1.012508e+12,-0.01036708,48.375,8.895,5.189650e+11,1.756080e+03,2.000986e+21,20.486,1.166,0.000,95.447044
2012.10.17_07:00:00_TAI,14.4,5.555309e+20,30.548,149.887,149.584,70.897,0.22653966,9.480373e+11,-0.00379121,43.328,3.279,1.024108e+11,1.753139e+03,2.013933e+21,20.033,0.578,0.000,93.891716
2012.10.17_07:12:00_TAI,14.6,5.825302e+20,30.345,148.352,147.616,69.771,0.44354770,1.070274e+12,-0.00860655,49.599,7.918,2.725315e+11,1.764857e+03,2.156304e+21,20.480,1.413,0.000,95.084450
2012.10.17_07:24:00_TAI,14.8,5.889085e+20,31.306,147.487,146.671,69.846,0.92039049,1.109909e+12,-0.00148805,50.603,1.412,4.564708e+11,1.715543e+03,2.162123e+21,20.207,1.475,0.000,95.248215
2012.10.17_07:36:00_TAI,15.0,6.137758e+20,31.439,148.165,146.509,69.980,0.53848404,1.083122e+12,-0.00548903,49.479,5.423,2.780341e+11,1.689982e+03,2.217439e+21,20.282,0.709,0.000,94.197746
2012.10.17_07:48:00_TAI,15.2,6.147271e+20,30.491,145.467,143.954,68.121,0.11193786,1.082956e+12,-0.00328121,49.574,3.222,5.744466e+10,1.656551e+03,2.160373e+21,20.108,1.018,0.000,95.572258
2012.10.17_08:00:00_TAI,15.4,6.302324e+20,31.514,142.527,140.458,65.730,0.68916297,1.136945e+12,0.00087588,50.730,0.921,4.629318e+11,1.517526e+03,2.120139e+21,19.961,0.570,0.000,94.338806
2012.10.17_08:12:00_TAI,15.6,6.493908e+20,30.731,141.833,138.939,67.281,0.41717684,1.146320e+12,-0.00250751,51.893,2.686,2.334831e+11,1.593645e+03,2.266698e+21,20.298,0.934,0.000,96.918869
2012.10.17_08:24:00_TAI,15.8,6.517202e+20,30.630,141.282,139.840,65.045,1.19514871,1.192266e+12,-0.00270890,53.570,2.915,6.720034e+11,1.580738e+03,2.258836e+21,20.501,2.138,0.000,95.776283
2012.10.17_08:36:00_TAI,16.0,6.940192e+20,29.985,141.797,140.436,65.459,1.63482475,1.227986e+12,-0.00255701,55.239,2.958,9.883999e+11,1.498813e+03,2.302997e+21,20.018,0.864,0.000,97.808571
2012.10.17_08:48:00_TAI,16.2,6.931033e+20,30.160,142.838,140.594,63.916,1.14198697,1.290540e+12,-0.00343286,57.509,4.034,7.011607e+11,1.567128e+03,2.445428e+21,20.823,2.298,0.000,96.568008
2012.10.17_09:00:00_TAI,16.4,6.738830e+20,30.084,142.340,140.480,64.829,0.98730379,1.225907e+12,-0.00555257,53.931,6.330,5.881175e+11,1.494173e+03,2.262134e+21,20.281,1.754,0.000,97.008209
2012.10.17_09:12:00_TAI,16.6,7.324139e+20,29.672,139.256,137.721,61.698,1.27288568,1.370467e+12,-0.00415539,58.054,5.281,8.453430e+11,1.371394e+03,2.314836e+21,19.982,1.574,0.000,96.613129
2012.10.17_09:24:00_TAI,16.8,6.930872e+20,29.257,133.663,133.371,58.941,1.38154125,1.280763e+12,-0.00133908,53.777,1.604,8.647843e+11,1.364144e+03,2.170349e+21,20.234,2.254,0.000,94.390739
2012.10.17_09:36:00_TAI,17.0,7.271746e+20,29.599,134.391,133.380,58.788,0.86129743,1.358622e+12,-0.00215089,56.235,2.788,5.832219e+11,1.327416e+03,2.284675e+21,20.892,2.778,0.000,95.250702
2012.10.17_09:48:00_TAI,17.2,7.629844e+20,29.379,136.281,136.298,58.606,0.82773525,1.388472e+12,-0.00303151,57.195,4.114,5.868611e+11,1.358305e+03,2.447878e+21,20.748,3.464,0.000,94.065445
2012.10.17_10:00:00_TAI,17.4,7.372162e+20,29.573,133.925,134.433,56.849,0.76808500,1.447580e+12,-0.00400824,58.633,5.271,5.276999e+11,1.405436e+03,2.454423e+21,21.404,3.422,0.000,95.452576
2012.10.17_10:12:00_TAI,17.6,7.366005e+20,28.831,132.269,132.604,55.289,0.62689114,1.342381e+12,-0.00359920,56.076,4.675,4.254425e+11,1.369853e+03,2.363174e+21,21.047,2.540,0.000,93.240288
2012.10.17_10:24:00_TAI,17.8,7.281354e+20,29.991,133.258,135.001,56.500,1.29520714,1.466841e+12,-0.00535948,59.661,7.037,8.884455e+11,1.362788e+03,2.376324e+21,21.336,3.580,0.000,92.945107
2012.10.17_10:36:00_TAI,18.0,6.929468e+20,29.765,130.597,130.761,56.025,1.07320344,1.349481e+12,-0.00240939,54.828,2.988,6.952128e+11,1.341076e+03,2.208451e+21,21.145,3.226,0.000,95.870544
2012.10.17_10:48:00_TAI,18.2,7.176970e+20,29.085,131.272,132.102,54.871,1.38276482,1.454898e+12,-0.00293743,59.337,3.798,9.340018e+11,1.366117e+03,2.345844e+21,21.389,4.640,0.000,93.368195
2012.10.17_11:00:00_TAI,18.4,6.976972e+20,29.115,128.411,129.369,54.635,0.58177483,1.404737e+12,-0.00487445,57.855,6.078,3.789734e+11,1.370561e+03,2.269746e+21,21.757,4.010,0.000,93.965981
2012.10.17_11:12:00_TAI,18.6,6.997067e+20,29.068,130.549,130.994,53.841,0.85963535,1.400202e+12,-0.00184465,56.808,2.317,5.644473e+11,1.396652e+03,2.331503e+21,21.827,2.864,0.000,93.758026
2012.10.17_11:24:00_TAI,18.8,6.293368e+20,29.314,134.238,135.361,56.422,2.16057038,1.329960e+12,-0.00325795,55.350,3.610,1.250455e+12,1.508564e+03,2.219810e+21,21.965,4.603,0.000,93.741646
2012.10.17_11:36:00_TAI,19.0,6.423651e+20,30.390,132.471,132.519,56.272,1.10834384,1.364496e+12,-0.00288078,53.773,3.388,6.808134e+11,1.502789e+03,2.347025e+21,22.539,2.976,0.000,94.191414
2012.10.17_11:48:00_TAI,19.2,6.475087e+20,30.049,130.767,130.592,56.406,1.53771031,1.362112e+12,-0.00375516,54.371,4.465,9.549679e+11,1.518151e+03,2.397228e+21,22.788,4.878,0.000,95.066040
2012.10.17_12:00:00_TAI,19.4,6.399928e+20,29.736,127.193,126.722,53.943,1.06390250,1.341153e+12,-0.00428784,53.717,5.107,6.618080e+11,1.502195e+03,2.376023e+21,23.017,3.862,0.000,97.260986
2012.10.17_12:12:00_TAI,19.6,6.564854e+20,30.302,127.172,128.183,55.143,0.27324593,1.434553e+12,-0.00024126,56.560,0.292,4.363056e+11,1.440377e+03,2.318415e+21,22.272,3.218,0.000,97.246826
2012.10.17_12:24:00_TAI,19.8,6.586183e+20,30.073,124.927,124.617,53.895,1.07444143,1.405737e+12,-0.00492766,55.219,6.056,6.896443e+11,1.391177e+03,2.270633e+21,22.408,3.662,0.000,94.495964
2012.10.17_12:36:00_TAI,20.0,6.656733e+20,29.659,126.314,126.852,53.611,0.97132295,1.371067e+12,-0.00404473,55.123,4.918,6.168419e+11,1.475942e+03,2.383502e+21,22.816,4.359,0.000,96.122940
2012.10.17_12:48:00_TAI,20.2,6.687039e+20,29.581,131.677,133.508,54.575,1.14473093,1.350598e+12,-0.00536733,54.153,6.494,7.233552e+11,1.497037e+03,2.405639e+21,22.966,5.207,0.000,96.102188
2012.10.17_13:00:00_TAI,20.4,6.989021e+20,30.359,124.828,125.558,52.732,0.66568685,1.458177e+12,-0.00430512,56.176,5.653,4.564401e+11,1.449617e+03,2.527730e+21,23.242,4.722,0.000,95.276184
2012.10.17_19:36:00_TAI,27.0,9.028288e+20,30.164,129.487,127.710,53.632,0.35489041,1.380501e+12,-0.00456440,60.243,7.057,2.863708e+11,1.654868e+03,3.397702e+21,22.645,3.169,0.000,98.452271
2012.10.17_19:48:00_TAI,27.2,9.124633e+20,30.557,129.183,126.974,54.936,0.20105675,1.381333e+12,-0.00397182,59.434,6.240,1.653437e+11,1.683182e+03,3.511720e+21,22.988,3.183,0.000,97.642876
2012.10.17_20:00:00_TAI,27.4,8.608947e+20,31.247,129.315,127.300,55.793,0.00711015,1.268187e+12,-0.00564385,54.253,8.342,4.508126e+11,1.668856e+03,3.275713e+21,22.429,2.706,0.000,97.179100
2012.10.17_20:12:00_TAI,27.6,8.741460e+20,30.446,132.627,129.943,58.218,0.22814241,1.319634e+12,-0.00403403,57.860,5.878,2.022011e+11,1.789208e+03,3.462047e+21,22.424,2.539,0.000,95.652115
2012.10.17_20:24:00_TAI,27.8,8.677890e+20,31.702,136.626,134.220,59.823,0.12060439,1.304794e+12,-0.00403126,57.009,5.849,1.579806e+11,1.813193e+03,3.494010e+21,22.426,3.101,0.000,94.084221
2012.10.17_20:36:00_TAI,28.0,8.601530e+20,31.330,137.927,134.835,60.699,0.16115738,1.320492e+12,-0.00334319,58.233,4.704,1.183556e+11,1.932418e+03,3.610836e+21,22.993,3.980,0.000,93.360733
2012.10.17_20:48:00_TAI,28.2,8.569011e+20,30.739,137.354,134.370,61.391,0.13520959,1.268229e+12,-0.00443139,56.413,6.124,1.303696e+11,1.950873e+03,3.580550e+21,22.842,3.256,0.000,90.632935
2012.10.17_21:00:00_TAI,28.4,8.531875e+20,30.866,139.390,136.625,61.478,0.29359335,1.336020e+12,-0.00534662,59.306,7.341,4.517854e+11,1.933924e+03,3.526326e+21,22.470,2.476,0.000,89.552567
2012.10.17_21:12:00_TAI,28.6,8.094555e+20,30.671,140.724,137.713,62.209,0.23374631,1.281027e+12,-0.00734802,58.182,9.428,5.171628e+11,2.048051e+03,3.489634e+21,22.944,2.338,0.000,89.519073
2012.10.17_21:24:00_TAI,28.8,7.889800e+20,30.935,141.905,138.787,64.940,-0.19301344,1.299369e+12,-0.00602938,59.346,7.627,2.636772e+11,1.968717e+03,3.307397e+21,23.343,3.636,0.000,86.162125
2012.10.17_21:36:00_TAI,29.0,8.010187e+20,30.587,142.715,140.959,61.821,-0.14210053,1.273024e+12,-0.00647425,57.457,8.319,3.279635e+11,1.923426e+03,3.284952e+21,22.538,3.344,0.000,87.649109
2012.10.17_21:48:00_TAI,29.2,7.882463e+20,31.242,142.623,139.678,64.219,-0.46953243,1.232413e+12,-0.00754689,55.172,9.502,5.276629e+11,2.079889e+03,3.477592e+21,23.265,4.369,0.000,86.967529
2012.10.17_22:00:00_TAI,29.4,7.957337e+20,31.045,144.324,141.678,63.735,-0.39585528,1.317447e+12,-0.00352622,58.718,4.503,2.638876e+11,2.122427e+03,3.599452e+21,23.392,4.307,0.000,84.761543
2012.10.17_22:12:00_TAI,29.6,7.941095e+20,31.540,141.596,139.460,63.273,-0.20053174,1.293813e+12,-0.00405616,57.082,5.237,1.530438e+11,2.077371e+03,3.561662e+21,23.618,4.260,0.000,84.903938
2012.10.17_22:24:00_TAI,29.8,7.484334e+20,30.943,144.253,142.403,64.221,-0.64299673,1.247068e+12,-0.00851551,58.127,9.989,5.751663e+11,2.134685e+03,3.325404e+21,22.669,3.069,0.000,85.332832
2012.10.17_22:36:00_TAI,30.0,8.112680e+20,30.506,146.339,145.460,63.574,-0.33020732,1.314362e+12,-0.00609074,60.583,7.747,3.339988e+11,2.026876e+03,3.423945e+21,22.536,2.987,0.000,88.061172
2012.10.17_22:48:00_TAI,30.2,7.630352e+20,30.342,145.419,145.823,60.257,-0.06062149,1.332778e+12,-0.00857239,61.740,10.261,4.357274e+11,2.035149e+03,3.235213e+21,22.598,2.172,0.000,85.327362
2012.10.17_23:00:00_TAI,30.4,7.457744e+20,30.137,149.104,148.814,62.633,0.12752335,1.248857e+12,-0.00760750,58.092,8.779,3.176995e+11,2.086007e+03,3.196938e+21,22.446,3.033,0.000,84.458038
2012.10.17_23:12:00_TAI,30.6,7.749923e+20,30.377,144.016,143.901,59.422,0.26493064,1.326510e+12,-0.00614132,60.372,7.591,1.709604e+11,1.968479e+03,3.231184e+21,22.918,3.641,0.000,86.085220
2012.10.17_23:24:00_TAI,30.8,7.642084e+20,30.108,142.584,141.899,59.607,0.38802755,1.304783e+12,-0.00782956,59.743,9.568,3.629948e+11,1.975852e+03,3.206551e+21,23.028,2.782,0.000,86.453300
2012.10.17_23:36:00_TAI,31.0,7.559197e+20,29.703,141.389,141.479,58.408,0.19640978,1.313890e+12,-0.00950954,60.132,11.335,5.297580e+11,1.934497e+03,3.062364e+21,22.344,2.685,0.000,83.567505
2012.10.17_23:48:00_TAI,31.2,7.331231e+20,29.636,138.724,138.911,58.076,0.55990136,1.257809e+12,-0.00872629,58.950,10.088,3.571484e+11,1.938598e+03,2.976173e+21,22.748,2.076,0.000,86.806046
2012.10.18_00:00:00_TAI,31.4,7.854916e+20,29.422,140.432,141.042,58.091,-0.18145958,1.357829e+12,-0.00799678,64.240,9.852,5.230525e+11,1.894360e+03,3.099458e+21,22.281,3.003,0.000,87.052147
2012.10.18_00:12:00_TAI,31.6,8.001389e+20,29.854,143.114,143.766,58.093,-0.15746689,1.411033e+12,-0.00516491,65.881,6.523,1.038451e+11,1.985865e+03,3.330930e+21,23.178,3.880,0.000,86.276260
2012.10.18_00:24:00_TAI,31.8,7.522535e+20,29.835,141.306,141.654,59.245,-0.07933106,1.328897e+12,-0.00931691,63.381,10.929,5.151009e+11,2.026962e+03,3.157593e+21,23.191,3.325,0.000,83.559921
2012.10.18_00:36:00_TAI,32.0,8.052552e+20,29.973,143.494,143.249,59.905,-0.05964158,1.445725e+12,-0.00501394,66.553,6.413,4.261306e+10,1.986652e+03,3.374465e+21,22.888,2.346,0.000,85.574745
2012.10.18_00:48:00_TAI,32.2,7.929164e+20,30.372,141.882,140.793,59.924,-0.33683980,1.407344e+12,-0.00622774,63.352,7.934,2.568005e+11,1.974527e+03,3.340759e+21,22.973,3.846,0.000,86.838272
2012.10.18_01:00:00_TAI,32.4,8.139823e+20,30.638,144.542,142.924,61.351,0.21214285,1.428025e+12,-0.00590289,66.215,7.733,1.451215e+11,2.041790e+03,3.552179e+21,23.295,3.359,0.000,85.725403
2012.10.18_01:12:00_TAI,32.6,7.485992e+20,30.211,148.764,147.238,63.601,0.06847125,1.295575e+12,-0.00662048,61.850,7.647,1.055425e+11,2.139802e+03,3.282223e+21,22.721,2.944,0.000,84.660416
2012.10.18_01:24:00_TAI,32.8,7.932550e+20,30.200,145.261,144.013,61.232,0.45930430,1.390490e+12,-0.00470622,65.106,5.892,3.003000e+11,2.038991e+03,3.390254e+21,22.999,3.594,0.000,84.575661
2012.10.18_01:36:00_TAI,33.0,8.019698e+20,30.158,144.672,142.975,63.034,0.29353628,1.401347e+12,-0.00154975,65.426,1.956,2.271211e+11,2.073131e+03,3.474550e+21,22.971,3.803,0.000,84.566551
2012.10.18_01:48:00_TAI,33.2,8.042055e+20,29.764,144.392,142.025,62.546,0.50369537,1.334922e+12,-0.00188964,62.694,2.370,3.298631e+11,2.128593e+03,3.544890e+21,23.023,2.073,0.000,84.343132
2012.10.18_02:00:00_TAI,33.4,8.178105e+20,29.531,144.211,141.425,61.851,0.37043914,1.363362e+12,-0.00325237,63.681,4.196,2.495647e+11,2.036164e+03,3.488310e+21,22.743,2.248,0.000,83.271843
2012.10.18_02:12:00_TAI,33.6,8.476790e+20,30.178,143.827,141.010,60.969,0.01155084,1.487952e+12,-0.00520353,68.184,7.113,2.695601e+11,2.017753e+03,3.663103e+21,23.354,3.584,0.000,82.582466
2012.10.18_02:24:00_TAI,33.8,8.273478e+20,29.599,143.832,141.500,61.247,-0.08019623,1.422176e+12,-0.00911600,65.788,11.915,6.762387e+11,1.959036e+03,3.400404e+21,22.518,2.066,0.000,82.328255
2012.10.18_02:36:00_TAI,34.0,8.230794e+20,29.708,145.892,142.901,61.692,-0.05298861,1.351709e+12,-0.00754935,63.495,9.776,4.335754e+11,1.917449e+03,3.297662e+21,22.119,2.162,0.000,81.034416
2012.10.18_02:48:00_TAI,34.2,8.061014e+20,30.402,143.410,140.623,60.374,0.50469118,1.281284e+12,-0.00509284,58.007,6.600,3.416157e+11,1.838994e+03,3.165176e+21,22.233,1.852,0.000,80.304108
2012.10.18_03:00:00_TAI,34.4,8.156024e+20,30.276,141.227,138.845,59.139,0.60167456,1.263740e+12,-0.00442525,57.233,5.837,4.144960e+11,1.807590e+03,3.166338e+21,22.139,1.971,0.000,85.253365
2012.10.18_03:12:00_TAI,34.6,8.466826e+20,29.503,143.155,140.438,59.210,0.05547304,1.302390e+12,-0.00557917,59.667,7.565,3.347178e+11,1.906486e+03,3.433252e+21,22.298,2.434,0.000,83.879501
2012.10.18_03:24:00_TAI,34.8,8.854547e+20,29.931,140.741,137.559,58.879,0.47729021,1.399601e+12,-0.00508995,62.412,7.386,3.617228e+11,1.814756e+03,3.497021e+21,22.387,2.757,0.000,83.465912
2012.10.18_03:36:00_TAI,35.0,9.012703e+20,29.595,138.499,135.172,58.309,0.62603062,1.438007e+12,-0.00318355,64.976,4.731,4.858986e+11,1.763994e+03,3.481196e+21,22.180,1.884,0.000,83.801735
2012.10.18_03:48:00_TAI,35.2,9.387827e+20,29.448,136.350,132.965,56.965,0.25609893,1.497297e+12,-0.00335785,65.771,5.289,2.306131e+11,1.750282e+03,3.661012e+21,22.843,2.667,0.000,83.070801
2012.10.18_04:00:00_TAI,35.4,9.276089e+20,29.024,132.686,130.131,54.676,0.68830305,1.416295e+12,-0.00213468,63.030,3.300,5.558142e+11,1.695147e+03,3.480402e+21,22.550,2.781,0.000,84.900040
2012.10.18_04:12:00_TAI,35.6,9.681321e+20,29.469,133.558,130.872,54.866,0.41878203,1.493484e+12,-0.00234022,66.392,3.836,3.585182e+11,1.681898e+03,3.660926e+21,22.509,3.356,0.000,85.197502
2012.10.18_04:24:00_TAI,35.8,9.798174e+20,29.734,132.432,129.796,55.011,0.54855037,1.564504e+12,-0.00199247,67.631,3.355,4.825098e+11,1.742992e+03,3.898075e+21,23.071,4.276,0.000,83.909424
2012.10.18_04:36:00_TAI,36.0,9.968350e+20,30.040,131.217,129.006,53.610,0.25685900,1.654510e+12,-0.00303850,69.904,5.339,2.357310e+11,1.651758e+03,3.854169e+21,23.347,4.041,0.000,84.247780
2012.10.18_04:48:00_TAI,36.2,1.008612e+21,29.891,133.561,131.047,54.428,0.31603009,1.608541e+12,-0.00363385,68.393,6.410,2.911919e+11,1.725040e+03,4.041199e+21,23.288,4.365,0.000,83.488907
2012.10.18_05:00:00_TAI,36.4,9.772152e+20,30.861,127.021,124.920,53.188,0.74619722,1.718388e+12,-0.00410674,71.126,7.269,6.898914e+11,1.619958e+03,3.807935e+21,23.910,6.610,0.000,82.935890
2012.10.18_05:12:00_TAI,36.6,1.038995e+21,30.256,127.520,125.711,52.480,0.64203721,1.850467e+12,-0.00063900,75.599,1.205,6.324942e+11,1.603728e+03,4.016842e+21,24.049,5.620,0.000,84.804939
2012.10.18_05:24:00_TAI,36.8,1.072581e+21,29.878,135.477,135.042,54.518,0.57798558,1.974193e+12,-0.00117405,82.292,2.215,5.696971e+11,1.696303e+03,4.250970e+21,23.989,5.723,0.000,83.065453
2012.10.18_05:36:00_TAI,37.0,9.817749e+20,29.723,137.650,136.313,56.942,0.62230879,1.854372e+12,-0.00202190,77.897,3.375,5.425216e+11,1.767645e+03,3.917993e+21,23.771,5.093,0.000,81.212326
2012.10.18_05:48:00_TAI,37.2,9.116252e+20,29.433,136.017,135.677,56.055,1.12924290,1.658713e+12,-0.00100429,73.839,1.497,8.794655e+11,1.781283e+03,3.527143e+21,23.024,4.158,0.000,81.804489
2012.10.18_06:24:00_TAI,37.8,8.383487e+20,28.376,138.752,139.263,57.837,0.00612414,1.492735e+12,-0.00768780,68.756,10.010,4.798202e+11,1.813027e+03,3.134930e+21,22.118,2.535,0.000,82.188835
2012.10.18_06:36:00_TAI,38.0,8.391563e+20,28.124,140.030,140.150,58.436,0.15247478,1.430141e+12,-0.00599473,66.830,7.679,4.313301e+11,1.882645e+03,3.202802e+21,22.126,1.874,0.000,82.519363
2012.10.18_06:48:00_TAI,38.2,8.011536e+20,28.403,138.968,138.529,59.976,-0.45914611,1.351405e+12,-0.00431413,63.724,5.168,2.873080e+11,1.943569e+03,3.092212e+21,22.122,2.003,0.000,83.752724
2012.10.18_07:00:00_TAI,38.4,7.939389e+20,29.122,139.376,138.681,59.412,-0.19437139,1.345857e+12,-0.00588927,63.058,7.120,3.959824e+11,1.900467e+03,3.051400e+21,21.745,1.406,0.000,80.988182
2012.10.18_07:12:00_TAI,38.6,8.389776e+20,29.834,140.817,139.553,60.583,0.25579390,1.373621e+12,-0.00541725,63.369,7.048,3.699332e+11,1.961977e+03,3.389875e+21,22.489,2.921,0.000,83.758057
2012.10.18_07:24:00_TAI,38.8,7.970479e+20,29.714,147.688,144.441,63.867,0.26747358,1.333012e+12,-0.00454815,61.828,5.567,2.566002e+11,2.045880e+03,3.325631e+21,22.509,3.268,0.000,80.116310
2012.10.18_07:36:00_TAI,39.0,8.674026e+20,29.673,143.839,139.873,61.930,-0.00979157,1.453525e+12,-0.00764906,64.389,10.533,5.968675e+11,1.909052e+03,3.491116e+21,22.311,1.961,0.000,80.680626
2012.10.18_07:48:00_TAI,39.2,8.114479e+20,29.923,144.348,140.270,63.690,-0.01790016,1.367339e+12,-0.00764860,62.945,9.729,4.880720e+11,1.887950e+03,3.189262e+21,21.776,1.179,0.000,80.644157
2012.10.18_08:00:00_TAI,39.4,8.330194e+20,30.261,147.421,143.031,63.795,0.15651529,1.397198e+12,-0.00675338,63.723,8.948,5.469027e+11,1.970880e+03,3.468076e+21,22.646,2.792,0.000,78.318489
2012.10.18_08:12:00_TAI,39.6,8.045947e+20,30.044,141.941,136.901,62.499,0.25136092,1.328709e+12,-0.00473485,58.530,6.207,3.195923e+11,1.883030e+03,3.278480e+21,22.731,2.517,0.000,79.069405
2012.10.18_08:24:00_TAI,39.8,8.385172e+20,30.151,141.036,136.278,60.403,0.13589257,1.386908e+12,-0.00407509,60.322,5.689,2.795555e+11,1.854995e+03,3.439068e+21,22.787,2.507,0.000,78.092865
2012.10.18_08:36:00_TAI,40.0,8.726854e+20,30.475,139.886,135.525,59.846,0.27892935,1.455136e+12,-0.00418428,61.796,6.193,3.465882e+11,1.796910e+03,3.531837e+21,23.283,4.054,0.000,79.331421
2012.10.18_08:48:00_TAI,40.2,8.467937e+20,30.492,131.918,128.420,55.664,0.34394190,1.425783e+12,-0.00394996,60.231,5.799,3.069191e+11,1.672847e+03,3.261331e+21,22.961,3.542,0.000,79.280182
2012.10.18_09:00:00_TAI,40.4,8.804496e+20,29.862,137.405,133.450,57.075,0.23701249,1.474088e+12,-0.00154996,60.973,2.342,1.870225e+11,1.661290e+03,3.333669e+21,22.520,2.515,0.000,80.620911
2012.10.18_09:12:00_TAI,40.6,9.032811e+20,29.891,130.497,127.250,53.821,0.12225799,1.495523e+12,-0.00103625,61.338,1.655,1.019600e+11,1.658169e+03,3.516787e+21,23.556,4.383,0.000,81.430191
2012.10.18_09:24:00_TAI,40.8,8.839133e+20,30.091,128.437,125.420,52.631,-0.15454972,1.409065e+12,-0.00257112,57.712,4.047,1.270310e+11,1.601125e+03,3.346898e+21,23.193,3.304,0.000,80.886345
2012.10.18_09:36:00_TAI,41.0,8.745837e+20,30.366,125.844,122.879,53.326,0.09987436,1.424785e+12,-0.00280463,57.818,4.457,2.675260e+11,1.521328e+03,3.210402e+21,23.355,3.335,0.000,81.455482
2012.10.18_09:48:00_TAI,41.2,8.639314e+20,29.744,128.372,125.526,52.873,-0.19093494,1.437875e+12,-0.00387252,58.160,5.960,3.188001e+11,1.533768e+03,3.134808e+21,23.152,3.054,0.000,78.555305
2012.10.18_10:00:00_TAI,41.4,8.930561e+20,29.438,126.744,124.683,50.526,0.49837995,1.515140e+12,-0.00162913,61.328,2.615,4.176739e+11,1.530892e+03,3.263114e+21,23.042,2.617,0.000,82.079697
2012.10.18_10:12:00_TAI,41.6,8.624994e+20,30.027,122.943,121.416,49.645,0.29732510,1.401695e+12,-0.00278132,55.138,4.361,2.720104e+11,1.528844e+03,3.183624e+21,23.238,3.635,0.000,80.557770
2012.10.18_10:24:00_TAI,41.8,8.836820e+20,31.365,121.922,120.770,48.661,0.15031368,1.510354e+12,-0.00289616,58.356,4.808,2.029158e+11,1.578778e+03,3.480499e+21,25.005,6.566,1.805,79.580605
2012.10.18_10:36:00_TAI,42.0,8.863116e+20,31.354,124.656,122.813,50.967,0.16476640,1.533192e+12,-0.00172896,59.678,2.846,2.395969e+11,1.572609e+03,3.437662e+21,24.408,5.043,1.809,76.249870
2012.10.18_10:48:00_TAI,42.2,8.933173e+20,31.942,122.240,120.470,50.068,0.10755756,1.587397e+12,-0.00207161,59.823,3.503,2.597263e+11,1.546696e+03,3.473451e+21,24.932,7.096,0.000,73.608971
2012.10.18_11:00:00_TAI,42.4,8.884921e+20,29.927,126.985,124.889,51.528,0.24362433,1.500016e+12,-0.00409712,59.990,6.519,3.804979e+11,1.589245e+03,3.357946e+21,23.540,3.583,1.789,74.359108
2012.10.18_11:12:00_TAI,42.6,8.761373e+20,29.802,124.698,123.092,49.813,0.19275343,1.502225e+12,-0.00341903,60.308,5.405,2.799111e+11,1.636594e+03,3.436253e+21,24.428,4.364,1.790,74.364105
2012.10.18_11:24:00_TAI,42.8,8.872905e+20,30.402,124.163,122.709,49.622,0.35705140,1.534052e+12,-0.00228090,60.118,3.736,3.053197e+11,1.588613e+03,3.455768e+21,24.597,5.311,0.000,71.817467
2012.10.18_11:36:00_TAI,43.0,8.778043e+20,30.135,125.940,123.972,51.767,0.11181562,1.561126e+12,-0.00031143,61.070,0.500,1.294545e+11,1.623768e+03,3.458923e+21,24.409,3.678,0.000,73.820953
2012.10.18_11:48:00_TAI,43.2,8.783167e+20,30.646,127.568,125.459,52.044,0.25974613,1.551731e+12,-0.00073409,61.827,1.180,2.178951e+11,1.682925e+03,3.591643e+21,24.902,6.098,0.000,72.970032
2012.10.18_12:00:00_TAI,43.4,8.715054e+20,30.396,127.199,124.209,52.221,0.11149229,1.537872e+12,-0.00300153,61.663,4.814,3.224381e+11,1.663384e+03,3.543313e+21,24.780,5.175,0.000,72.320602
2012.10.18_12:12:00_TAI,43.6,8.850579e+20,30.027,121.983,120.037,49.369,0.38140696,1.548382e+12,-0.00214756,60.915,3.543,3.284939e+11,1.575934e+03,3.453301e+21,24.784,4.667,0.000,75.454834
2012.10.18_12:24:00_TAI,43.8,8.851622e+20,29.725,122.400,120.883,49.203,0.54828173,1.488870e+12,-0.00277765,59.279,4.503,4.639035e+11,1.608252e+03,3.462179e+21,24.543,4.874,0.000,75.190536
2012.10.18_12:36:00_TAI,44.0,9.064185e+20,30.167,120.609,119.130,48.179,0.33223996,1.492305e+12,-0.00185658,58.683,3.104,2.899447e+11,1.612380e+03,3.580274e+21,24.523,4.366,0.000,76.397385
2012.10.18_12:48:00_TAI,44.2,8.962015e+20,29.889,123.875,121.829,49.529,0.16090341,1.506991e+12,-0.00457196,60.235,7.407,5.634602e+11,1.640306e+03,3.531184e+21,24.220,3.516,0.000,75.145813
2012.10.18_13:00:00_TAI,44.4,9.064942e+20,30.172,119.897,118.592,47.425,0.07182127,1.557337e+12,-0.00182793,60.361,3.084,6.327399e+10,1.582381e+03,3.547285e+21,24.684,4.562,0.000,72.737129
2012.10.18_13:12:00_TAI,44.6,8.677876e+20,29.711,119.983,118.957,46.665,0.32375199,1.406858e+12,-0.00418986,55.204,6.695,4.230526e+11,1.517346e+03,3.220135e+21,23.963,5.069,1.807,71.973465
2012.10.18_13:24:00_TAI,44.8,8.724992e+20,29.526,124.817,122.753,49.078,-0.12312339,1.482164e+12,-0.00407950,59.323,6.495,2.058064e+11,1.563788e+03,3.306234e+21,24.140,5.151,1.792,73.023956
2012.10.18_13:36:00_TAI,45.0,8.879030e+20,30.071,122.492,120.316,48.811,0.12113723,1.525016e+12,-0.00420319,59.706,6.935,2.933248e+11,1.460926e+03,3.201287e+21,24.086,4.909,2.220,73.452072
2012.10.18_13:48:00_TAI,45.2,8.884216e+20,29.543,122.067,120.236,48.336,-0.10522670,1.453691e+12,-0.00568884,58.516,9.227,4.685545e+11,1.487264e+03,3.203697e+21,23.710,4.809,1.797,73.044846
2012.10.18_14:00:00_TAI,45.4,9.237803e+20,29.884,121.198,118.928,47.737,0.17621048,1.592998e+12,-0.00431384,64.181,7.420,3.347921e+11,1.468590e+03,3.356556e+21,23.799,4.474,0.000,71.539902
2012.10.18_14:12:00_TAI,45.6,8.810638e+20,30.449,119.089,116.213,48.067,-0.17546919,1.462189e+12,-0.00487703,58.661,8.047,3.893038e+11,1.461900e+03,3.203421e+21,24.077,4.121,0.000,74.642822
2012.10.18_14:24:00_TAI,45.8,8.619323e+20,30.066,122.401,119.669,49.035,-0.22130650,1.455912e+12,-0.00603959,59.310,9.524,4.840574e+11,1.501016e+03,3.143617e+21,23.514,3.234,0.000,72.488625
2012.10.18_14:36:00_TAI,46.0,8.806837e+20,29.922,123.667,121.022,48.507,0.08757560,1.495400e+12,-0.00536924,59.683,8.789,3.690364e+11,1.483787e+03,3.225765e+21,23.829,3.604,2.014,71.385864
2012.10.18_14:48:00_TAI,46.2,8.872395e+20,30.237,123.322,120.475,48.633,0.52576345,1.466774e+12,-0.00602583,58.943,9.925,4.812109e+11,1.487729e+03,3.254093e+21,23.865,3.825,0.000,74.888725
2012.10.18_15:00:00_TAI,46.4,8.841788e+20,29.837,123.457,119.898,49.203,0.21852787,1.506997e+12,-0.00492035,61.004,8.069,3.451162e+11,1.509853e+03,3.288448e+21,23.754,2.927,0.000,76.494942
2012.10.18_15:12:00_TAI,46.6,8.515490e+20,29.294,129.911,125.667,51.327,0.18816009,1.491368e+12,-0.00685720,61.564,10.457,5.476907e+11,1.640536e+03,3.322524e+21,23.795,3.672,0.000,75.934502
2012.10.18_15:24:00_TAI,46.8,8.620280e+20,29.198,131.831,127.955,52.465,0.20452169,1.493686e+12,-0.00697274,62.938,10.571,5.674400e+11,1.680123e+03,3.382617e+21,23.533,2.441,0.000,73.022255
2012.10.18_15:36:00_TAI,47.0,8.056724e+20,29.477,128.213,124.373,52.864,0.39389199,1.475278e+12,-0.00904833,61.029,12.812,7.759844e+11,1.596565e+03,3.002358e+21,22.992,2.119,0.000,75.597366
2012.10.18_15:48:00_TAI,47.2,7.833995e+20,29.330,128.761,125.669,51.972,0.35154819,1.317553e+12,-0.00725271,56.676,9.827,4.709021e+11,1.646453e+03,2.962793e+21,23.123,2.362,0.000,72.659866
2012.10.18_16:00:00_TAI,47.4,7.399478e+20,29.366,134.246,130.099,54.425,0.46116060,1.262177e+12,-0.01023677,55.406,12.745,8.463643e+11,1.774056e+03,2.933251e+21,22.848,2.329,0.000,72.447853
2012.10.18_16:12:00_TAI,47.6,7.175198e+20,29.325,128.835,125.066,53.831,0.00801793,1.190340e+12,-0.00729875,52.407,8.795,4.763208e+11,1.810888e+03,2.897951e+21,23.286,2.573,0.000,70.898659
2012.10.18_16:24:00_TAI,47.8,7.177387e+20,29.210,130.056,127.097,53.230,0.28906509,1.212077e+12,-0.00766939,53.196,9.211,4.444243e+11,1.834964e+03,2.926734e+21,23.316,2.331,0.000,72.350075
2012.10.18_16:36:00_TAI,48.0,7.529604e+20,29.318,126.401,123.915,52.611,0.03586311,1.316499e+12,-0.00643150,56.737,8.232,3.557980e+11,1.782858e+03,3.030673e+21,23.936,3.438,0.000,70.287842
2012.10.18_16:48:00_TAI,48.2,7.454699e+20,28.925,128.175,126.536,51.988,-0.56444544,1.282649e+12,-0.00913540,57.675,11.291,6.431955e+11,1.840120e+03,3.020489e+21,23.565,2.023,0.000,68.881783
2012.10.18_17:00:00_TAI,48.4,7.471442e+20,28.498,125.200,124.996,48.583,-0.21670914,1.282141e+12,-0.00713093,56.543,8.828,4.672810e+11,1.733531e+03,2.850131e+21,22.805,2.423,0.000,71.623146
2012.10.18_17:12:00_TAI,48.6,7.664266e+20,28.159,124.207,124.837,49.345,-0.16217813,1.329906e+12,-0.00931354,58.850,11.800,6.167435e+11,1.705211e+03,2.869244e+21,22.888,3.394,0.000,70.563309
2012.10.18_17:24:00_TAI,48.8,7.762352e+20,28.158,124.796,125.093,48.352,-0.01737211,1.350009e+12,-0.00601525,58.953,7.778,4.025647e+11,1.767037e+03,3.034287e+21,23.229,2.784,0.000,71.861015
2012.10.18_17:36:00_TAI,49.0,7.839828e+20,27.815,123.690,123.439,48.045,0.03778923,1.358976e+12,-0.00778159,60.543,10.062,5.252110e+11,1.750274e+03,3.005503e+21,23.241,3.016,0.000,73.017944
2012.10.18_17:48:00_TAI,49.2,8.200586e+20,28.205,120.985,122.003,44.513,0.20028634,1.362301e+12,-0.00494083,58.551,6.917,2.310566e+11,1.658268e+03,3.083154e+21,23.650,4.357,0.000,70.819901
2012.10.18_18:24:00_TAI,49.8,9.650229e+20,28.993,118.860,118.490,45.298,0.28342545,1.658988e+12,-0.00367911,66.577,6.549,2.631672e+11,1.509328e+03,3.567928e+21,24.204,4.888,0.000,70.813171
2012.10.18_18:36:00_TAI,50.0,1.022899e+21,29.285,117.784,117.074,44.785,0.45170566,1.704788e+12,-0.00411915,65.388,7.942,4.545274e+11,1.477108e+03,3.784052e+21,24.625,5.340,0.000,72.004768
2012.10.18_18:48:00_TAI,50.2,1.072482e+21,28.577,113.755,113.123,42.886,0.24648835,1.728884e+12,-0.00394957,67.232,7.939,2.584429e+11,1.466015e+03,3.913336e+21,24.290,4.478,0.000,73.061981
2012.10.18_19:00:00_TAI,50.4,1.088627e+21,28.447,112.031,111.488,41.058,0.40177855,1.632953e+12,-0.00408737,63.800,8.404,4.309059e+11,1.412155e+03,3.855831e+21,24.019,4.621,0.000,73.295128
2012.10.18_19:12:00_TAI,50.6,1.068665e+21,28.749,113.435,112.394,43.099,0.09504748,1.600147e+12,-0.00335710,63.171,6.765,2.636802e+11,1.401616e+03,3.750738e+21,23.937,4.020,0.000,71.427673
2012.10.18_19:24:00_TAI,50.8,1.035488e+21,27.890,120.092,119.027,45.054,0.34992233,1.502670e+12,-0.00403586,61.513,7.482,3.384206e+11,1.480829e+03,3.646089e+21,23.059,2.913,0.000,69.417252
2012.10.18_19:36:00_TAI,51.0,1.025575e+21,28.196,122.941,121.293,46.197,0.25063545,1.559938e+12,-0.00511742,64.097,9.324,4.586941e+11,1.517615e+03,3.672169e+21,23.004,2.909,0.000,68.877678
2012.10.18_19:48:00_TAI,51.2,9.979302e+20,27.779,122.254,120.844,45.896,0.23900376,1.448730e+12,-0.00418449,61.257,7.260,3.814024e+11,1.503313e+03,3.463869e+21,22.388,2.075,0.000,70.120338
2012.10.18_20:00:00_TAI,51.4,1.014029e+21,27.942,122.902,121.740,45.820,0.16256072,1.485912e+12,-0.00346128,62.039,6.126,1.670530e+11,1.495360e+03,3.515051e+21,22.638,2.599,0.000,71.043785
2012.10.18_20:12:00_TAI,51.6,9.353862e+20,27.955,123.751,122.813,46.624,0.25610596,1.354648e+12,-0.00261916,57.296,4.162,2.122909e+11,1.601500e+03,3.379584e+21,22.761,2.391,0.000,69.536156
2012.10.18_20:24:00_TAI,51.8,9.411677e+20,28.291,125.059,123.045,47.902,0.09537756,1.368147e+12,-0.00205002,57.191,3.294,7.995661e+10,1.625350e+03,3.468769e+21,23.299,3.049,0.000,66.737076
2012.10.18_20:36:00_TAI,52.0,9.078810e+20,29.798,121.424,119.843,48.008,0.41875827,1.331201e+12,-0.00064138,56.204,0.995,3.388225e+11,1.628877e+03,3.355155e+21,23.908,4.449,0.000,67.118393
2012.10.18_20:48:00_TAI,52.2,8.945318e+20,28.523,124.567,122.923,49.411,-0.08088028,1.336774e+12,-0.00236058,58.025,3.515,1.024337e+11,1.614305e+03,3.192220e+21,22.516,1.948,0.000,67.123360
2012.10.18_21:00:00_TAI,52.4,8.921152e+20,28.492,129.413,127.797,51.454,0.17220154,1.369123e+12,-0.00413511,60.242,6.012,1.339431e+11,1.719093e+03,3.319527e+21,22.512,2.613,0.000,66.847374
2012.10.18_21:12:00_TAI,52.6,9.017461e+20,28.775,130.655,129.118,51.025,-0.19661744,1.388298e+12,-0.00361940,61.403,5.310,1.596100e+11,1.746262e+03,3.402140e+21,22.420,2.931,0.000,68.150093
2012.10.18_21:24:00_TAI,52.8,8.830921e+20,28.385,128.079,126.945,51.118,-0.01028054,1.327179e+12,-0.00370199,58.737,5.261,1.664131e+11,1.809330e+03,3.414479e+21,22.892,2.252,0.000,68.274490
2012.10.18_21:36:00_TAI,53.0,8.562147e+20,28.260,124.424,123.651,48.984,0.08935761,1.325848e+12,-0.00441643,59.756,6.104,1.358319e+11,1.824900e+03,3.349343e+21,23.196,3.111,0.000,66.167839
2012.10.18_21:48:00_TAI,53.2,8.835619e+20,28.632,124.719,124.620,48.888,-0.30575290,1.324080e+12,-0.00555792,57.986,7.931,3.464993e+11,1.751316e+03,3.318953e+21,22.806,2.733,0.000,64.770462
2012.10.18_22:00:00_TAI,53.4,8.784035e+20,28.083,127.598,128.610,49.485,-0.03660782,1.292596e+12,-0.00542575,57.617,7.498,2.702181e+11,1.772324e+03,3.252848e+21,22.635,2.677,0.000,63.848442
2012.10.18_22:12:00_TAI,53.6,8.971650e+20,27.923,127.996,129.230,48.142,-0.16372663,1.385352e+12,-0.00436427,61.367,6.228,1.735204e+11,1.744303e+03,3.305663e+21,22.733,3.434,0.000,67.736816
2012.10.18_22:24:00_TAI,53.8,8.841942e+20,28.333,129.099,130.297,48.958,-0.18940553,1.307470e+12,-0.00443530,59.005,6.125,3.574358e+11,1.817870e+03,3.334027e+21,22.798,3.838,0.000,65.992516
2012.10.18_22:36:00_TAI,54.0,9.270798e+20,28.619,127.963,128.762,48.859,-0.18580110,1.439500e+12,-0.00314050,63.016,4.698,1.450273e+11,1.787165e+03,3.550657e+21,23.412,5.481,0.000,64.452271
2012.10.18_22:48:00_TAI,54.2,9.365982e+20,28.401,130.500,131.688,49.723,-0.15615976,1.484361e+12,-0.00613222,66.070,9.174,4.136080e+11,1.818737e+03,3.613384e+21,23.399,4.947,0.000,65.314392
2012.10.18_23:00:00_TAI,54.4,9.455779e+20,28.463,129.460,130.551,49.217,-0.55070573,1.481576e+12,-0.00579886,66.297,8.837,4.379176e+11,1.790213e+03,3.623283e+21,23.633,4.331,0.000,66.444992
2012.10.18_23:12:00_TAI,54.6,9.065346e+20,27.366,129.481,131.442,47.531,-0.15058009,1.410500e+12,-0.00465272,64.896,6.621,1.518529e+11,1.753615e+03,3.313993e+21,22.604,3.162,0.000,66.933167
2012.10.18_23:24:00_TAI,54.8,9.509869e+20,27.978,128.546,130.213,47.438,-0.44474456,1.539122e+12,-0.00374716,67.910,5.789,3.585469e+11,1.691562e+03,3.470796e+21,23.051,4.013,0.000,66.879250
2012.10.18_23:36:00_TAI,55.0,9.697229e+20,27.870,129.851,131.667,46.220,-0.27677098,1.618789e+12,-0.00555884,70.982,8.822,3.490380e+11,1.749572e+03,3.687408e+21,23.947,5.230,0.000,67.006279
2012.10.18_23:48:00_TAI,55.2,9.075858e+20,27.302,132.498,134.633,46.703,0.02323946,1.391632e+12,-0.00641356,62.410,9.184,4.792927e+11,1.805441e+03,3.433513e+21,22.929,3.911,0.000,67.188164
2012.10.19_00:00:00_TAI,55.4,9.313120e+20,27.901,132.692,135.130,47.792,-0.36820865,1.453677e+12,-0.00361005,64.887,5.397,2.872572e+11,1.843572e+03,3.660277e+21,23.852,4.950,0.000,65.614655
2012.10.19_00:12:00_TAI,55.6,9.649871e+20,28.285,128.473,130.018,45.743,-0.45500615,1.497502e+12,-0.00565736,65.303,9.035,4.009532e+11,1.813119e+03,3.845420e+21,24.096,5.260,0.000,64.924301
2012.10.19_00:24:00_TAI,55.8,9.344888e+20,27.647,127.317,128.790,45.337,-0.23798500,1.468241e+12,-0.00426424,63.378,6.571,1.913847e+11,1.808309e+03,3.700734e+21,23.584,3.894,0.000,67.692406
2012.10.19_00:36:00_TAI,56.0,9.570001e+20,28.069,127.407,128.106,47.179,-0.16188043,1.557214e+12,-0.00674474,66.426,10.792,5.649865e+11,1.795324e+03,3.814833e+21,23.836,5.500,0.000,67.895317
2012.10.19_00:48:00_TAI,56.2,9.520491e+20,28.358,127.782,128.595,47.588,-0.57890213,1.562336e+12,-0.00431236,67.598,6.826,4.782560e+11,1.861959e+03,3.914386e+21,24.362,6.570,0.000,68.491730
2012.10.19_01:00:00_TAI,56.4,9.452126e+20,27.864,129.151,130.516,47.130,-0.15750757,1.563295e+12,-0.00564797,67.681,8.715,4.492483e+11,1.826903e+03,3.743638e+21,23.698,4.601,0.000,66.666130
2012.10.19_01:12:00_TAI,56.6,9.502305e+20,28.080,130.156,131.241,47.395,-0.70803797,1.522462e+12,-0.00352243,65.627,5.523,5.794230e+11,1.814885e+03,3.779268e+21,23.844,5.485,0.000,68.100021
2012.10.19_01:24:00_TAI,56.8,9.427558e+20,28.332,135.560,135.859,48.538,-0.30900416,1.582584e+12,-0.00448181,68.866,6.884,2.477181e+11,1.871800e+03,3.818240e+21,23.833,4.688,0.000,67.320786
2012.10.19_01:36:00_TAI,57.0,9.638302e+20,28.152,132.096,132.449,48.295,-0.16371681,1.581471e+12,-0.00443781,68.336,7.025,2.673188e+11,1.819416e+03,3.824946e+21,23.828,3.980,0.000,66.142410
2012.10.19_01:48:00_TAI,57.2,9.131138e+20,27.658,133.592,133.480,47.858,-0.25539738,1.433717e+12,-0.00407439,63.703,5.969,3.941537e+11,1.913976e+03,3.723802e+21,23.636,4.437,0.000,66.285736
2012.10.19_02:00:00_TAI,57.4,9.130509e+20,27.695,130.351,129.763,48.623,0.00399362,1.400737e+12,-0.00527522,62.454,7.675,3.907255e+11,1.902051e+03,3.675340e+21,23.545,3.918,0.000,69.508713
2012.10.19_02:12:00_TAI,57.6,9.819426e+20,27.996,126.936,126.603,47.367,-0.27765939,1.535524e+12,-0.00659829,66.700,10.636,5.122770e+11,1.822069e+03,3.900698e+21,23.677,3.164,0.000,69.897179
2012.10.19_02:24:00_TAI,57.8,9.709085e+20,27.400,129.186,128.439,49.624,-0.16660073,1.456483e+12,-0.00556844,65.874,8.548,3.103806e+11,1.838582e+03,3.748036e+21,22.649,2.085,0.000,70.743546
2012.10.19_02:36:00_TAI,58.0,1.016858e+21,28.262,128.444,127.144,48.760,-0.05194549,1.545325e+12,-0.00564807,67.717,9.432,4.290917e+11,1.818394e+03,4.032897e+21,23.441,2.934,0.000,70.727325
2012.10.19_02:48:00_TAI,58.2,1.024310e+21,28.185,127.072,125.595,47.878,-0.06000130,1.483388e+12,-0.00291337,65.552,4.848,1.227848e+11,1.841050e+03,4.068472e+21,23.282,2.644,0.000,73.526619
2012.10.19_03:00:00_TAI,58.4,1.069187e+21,27.952,126.664,124.832,47.246,0.01727552,1.568509e+12,-0.00613170,69.764,10.749,6.016536e+11,1.851747e+03,4.310982e+21,23.593,2.795,0.000,71.244949
2012.10.19_03:12:00_TAI,58.6,1.064805e+21,27.451,128.979,127.320,48.395,-0.12161039,1.468344e+12,-0.00535514,66.314,9.045,5.082454e+11,1.826065e+03,4.095987e+21,22.341,1.895,0.000,73.929695
2012.10.19_03:24:00_TAI,58.8,1.123320e+21,27.661,126.360,124.063,48.151,-0.12351039,1.532189e+12,-0.00527073,68.790,9.582,4.617950e+11,1.787123e+03,4.314803e+21,22.740,2.310,0.000,73.630760
2012.10.19_03:36:00_TAI,59.0,1.148747e+21,27.611,127.240,125.418,47.099,0.18662003,1.511418e+12,-0.00488184,68.643,8.992,5.016103e+11,1.800984e+03,4.405669e+21,22.287,2.063,0.000,74.225258
2012.10.19_03:48:00_TAI,59.2,1.189029e+21,27.430,124.001,122.684,45.387,0.17388980,1.528702e+12,-0.00610038,68.227,11.743,6.019633e+11,1.751245e+03,4.477030e+21,22.472,2.805,0.000,76.871750
2012.10.19_04:00:00_TAI,59.4,1.213257e+21,27.067,124.058,122.775,44.390,0.48485881,1.583266e+12,-0.00547426,71.158,10.855,5.060425e+11,1.659597e+03,4.370568e+21,21.993,1.765,0.000,76.333015
2012.10.19_04:12:00_TAI,59.6,1.264766e+21,27.703,124.906,123.550,45.422,0.43826932,1.694679e+12,-0.00544175,74.874,11.373,5.565503e+11,1.671411e+03,4.639190e+21,22.446,2.344,0.000,76.875427
2012.10.19_04:24:00_TAI,59.8,1.276439e+21,28.392,123.072,122.417,44.272,0.62119091,1.681739e+12,-0.00331066,73.545,7.068,6.923423e+11,1.579989e+03,4.479859e+21,22.669,3.326,0.000,75.981689
2012.10.19_04:36:00_TAI,60.0,1.300237e+21,27.404,125.524,124.798,44.693,0.43666688,1.752444e+12,-0.00447488,76.802,9.625,5.468790e+11,1.572176e+03,4.491115e+21,22.289,1.720,0.000,74.850929
2012.10.19_04:48:00_TAI,60.2,1.273536e+21,27.524,123.433,122.485,44.347,0.53283024,1.718943e+12,-0.00449916,74.910,9.498,5.871914e+11,1.587490e+03,4.450530e+21,22.321,1.847,0.000,72.897545
2012.10.19_05:00:00_TAI,60.4,1.310785e+21,27.313,122.661,122.033,43.177,0.22857361,1.786481e+12,-0.00468806,77.620,10.257,4.522072e+11,1.618653e+03,4.703418e+21,22.708,2.331,0.000,73.793732
2012.10.19_05:12:00_TAI,60.6,1.313744e+21,28.083,119.604,118.923,43.209,0.17356437,1.723455e+12,-0.00382374,73.499,8.554,3.633359e+11,1.601695e+03,4.758371e+21,23.143,3.219,0.000,74.583847
2012.10.19_05:24:00_TAI,60.8,1.350108e+21,28.009,118.166,118.048,42.379,0.40472946,1.854685e+12,-0.00466651,77.327,10.780,5.288301e+11,1.621114e+03,4.973225e+21,23.224,2.900,0.000,74.123001
2012.10.19_05:36:00_TAI,61.0,1.370270e+21,28.393,116.623,116.196,42.118,0.31473792,1.991109e+12,-0.00592992,83.383,14.072,5.876823e+11,1.716589e+03,5.409741e+21,24.274,4.340,0.000,75.582382
2012.10.19_05:48:00_TAI,61.2,1.341514e+21,28.287,118.866,118.468,43.191,0.17998114,2.021968e+12,-0.00747107,86.035,17.146,8.457412e+11,1.736041e+03,5.291214e+21,23.901,3.181,0.000,76.424782
2012.10.19_06:24:00_TAI,61.8,1.275188e+21,26.992,116.496,117.278,41.551,0.42840204,1.994920e+12,-0.00602997,87.564,12.458,5.064687e+11,1.789551e+03,4.910062e+21,23.310,2.711,0.000,78.600883
2012.10.19_06:36:00_TAI,62.0,1.249380e+21,27.256,118.349,119.290,42.831,0.13238460,1.960241e+12,-0.00718878,87.491,14.349,6.964247e+11,1.831260e+03,4.854260e+21,23.235,3.307,0.000,77.981773
2012.10.19_06:48:00_TAI,62.2,1.216578e+21,26.793,119.575,120.077,44.038,0.01661864,1.760231e+12,-0.00813813,81.595,15.471,9.285232e+11,1.909210e+03,4.820015e+21,23.364,3.735,0.000,80.586746
2012.10.19_07:00:00_TAI,62.4,1.218023e+21,27.007,121.650,122.815,42.736,-0.19392464,1.780735e+12,-0.00830485,83.663,15.588,7.903703e+11,1.877344e+03,4.679730e+21,22.526,2.504,0.000,79.427383
2012.10.19_07:12:00_TAI,62.6,1.237113e+21,27.077,122.908,123.313,44.215,-0.02296964,1.845146e+12,-0.00870334,85.007,16.571,8.354384e+11,1.874500e+03,4.739855e+21,22.638,2.679,0.000,79.177986
2012.10.19_07:24:00_TAI,62.8,1.208451e+21,27.378,123.673,123.080,45.136,-0.30499882,1.749599e+12,-0.00791024,81.956,14.673,6.255262e+11,1.899677e+03,4.679898e+21,22.573,2.264,0.000,78.799805
2012.10.19_07:36:00_TAI,63.0,1.220917e+21,27.459,122.614,122.278,44.043,-0.39514095,1.688118e+12,-0.00814185,79.526,15.217,6.836721e+11,1.872524e+03,4.647819e+21,22.557,3.050,0.000,77.793198
2012.10.19_07:48:00_TAI,63.2,1.227478e+21,27.475,127.946,127.069,47.222,-0.32272753,1.738108e+12,-0.00886693,81.306,16.617,7.705695e+11,1.901539e+03,4.732465e+21,22.500,2.882,0.000,78.820625
2012.10.19_08:00:00_TAI,63.4,1.249501e+21,28.026,125.603,124.500,46.434,-0.52117962,1.749683e+12,-0.00773869,80.664,15.083,8.517388e+11,1.852385e+03,4.794637e+21,22.737,2.822,0.000,79.580078
2012.10.19_08:12:00_TAI,63.6,1.303333e+21,28.110,122.862,121.387,45.934,-0.01128451,1.760880e+12,-0.00760065,79.694,15.695,8.757437e+11,1.774198e+03,4.867938e+21,22.473,2.323,0.000,78.078636
2012.10.19_08:24:00_TAI,63.8,1.315082e+21,27.985,119.457,118.236,44.352,-0.26200187,1.736928e+12,-0.00619379,76.579,13.100,6.899163e+11,1.669050e+03,4.688050e+21,22.558,2.222,0.000,77.944923
2012.10.19_08:36:00_TAI,64.0,1.318903e+21,27.792,124.747,123.625,46.031,-0.28171647,1.707006e+12,-0.00634490,77.022,13.248,6.253193e+11,1.723660e+03,4.781923e+21,22.135,2.441,0.000,75.709572
2012.10.19_08:48:00_TAI,64.2,1.332928e+21,28.211,120.886,119.414,45.403,-0.21095385,1.722866e+12,-0.00769085,77.355,16.451,9.602367e+11,1.710144e+03,4.857983e+21,22.627,2.805,0.000,75.206375
2012.10.19_09:00:00_TAI,64.4,1.378828e+21,28.058,117.744,116.447,44.300,-0.19007207,1.812325e+12,-0.00681441,80.549,15.244,7.466063e+11,1.689482e+03,5.019173e+21,22.677,2.503,0.000,75.827637
2012.10.19_09:12:00_TAI,64.6,1.386888e+21,28.072,122.200,120.994,46.036,-0.13003913,1.855228e+12,-0.00600380,82.780,13.262,4.490988e+11,1.737244e+03,5.096466e+21,22.605,3.169,0.000,74.960876
2012.10.19_09:24:00_TAI,64.8,1.449384e+21,28.097,121.836,120.452,45.675,-0.44376183,1.938623e+12,-0.00548635,83.628,12.953,5.956602e+11,1.693972e+03,5.311471e+21,22.679,2.922,0.000,76.713615
2012.10.19_09:36:00_TAI,65.0,1.447749e+21,28.308,118.117,116.892,45.027,-0.26315546,1.960582e+12,-0.00630713,84.838,15.080,6.822704e+11,1.632126e+03,5.182578e+21,22.707,3.639,0.000,75.972488
2012.10.19_09:48:00_TAI,65.2,1.431420e+21,27.972,118.722,117.849,44.470,-0.33218828,1.839739e+12,-0.00762116,82.131,17.536,9.210941e+11,1.679604e+03,5.132585e+21,22.392,2.781,0.000,75.445435
2012.10.19_10:00:00_TAI,65.4,1.494707e+21,28.599,117.852,117.040,44.220,-0.33326069,1.999922e+12,-0.00632978,86.345,15.818,7.916586e+11,1.662264e+03,5.516693e+21,23.211,3.842,0.000,73.283501
2012.10.19_10:12:00_TAI,65.6,1.506839e+21,28.691,116.852,115.923,43.619,-0.30647543,2.018401e+12,-0.00654900,86.050,16.700,9.671891e+11,1.627625e+03,5.511972e+21,23.681,4.196,0.000,73.332695
2012.10.19_10:24:00_TAI,65.8,1.484684e+21,28.227,116.257,116.069,42.507,-0.24538298,1.993334e+12,-0.00632191,85.545,15.710,7.523536e+11,1.603043e+03,5.290348e+21,23.263,3.702,0.000,74.338310
2012.10.19_10:36:00_TAI,66.0,1.521529e+21,28.115,119.395,119.020,44.226,-0.26540500,2.117628e+12,-0.00650922,90.964,16.553,6.558952e+11,1.638354e+03,5.533075e+21,23.501,3.618,0.000,70.574020
2012.10.19_10:48:00_TAI,66.2,1.547920e+21,28.618,121.923,120.957,45.082,-0.32155687,2.196465e+12,-0.00772552,94.134,20.164,9.749822e+11,1.689033e+03,5.854519e+21,24.173,4.521,0.000,72.806374
2012.10.19_11:00:00_TAI,66.4,1.531194e+21,29.161,121.736,121.116,46.164,-0.31024411,2.150719e+12,-0.00801742,93.344,20.773,1.023749e+12,1.647646e+03,5.669488e+21,23.719,4.245,0.000,75.049881
2012.10.19_11:12:00_TAI,66.6,1.565520e+21,28.599,120.159,119.354,44.156,-0.23647220,2.226794e+12,-0.00633196,95.648,16.862,7.300146e+11,1.659587e+03,5.869264e+21,23.935,3.530,0.000,74.421616
2012.10.19_11:24:00_TAI,66.8,1.564069e+21,28.928,117.825,117.117,43.734,-0.08841292,2.283421e+12,-0.00662927,97.637,17.886,8.821296e+11,1.632688e+03,5.850025e+21,24.285,4.781,1.601,75.151016
2012.10.19_11:36:00_TAI,67.0,1.581419e+21,28.743,118.241,117.474,42.958,0.03062770,2.258617e+12,-0.00579014,94.812,15.767,5.819330e+11,1.629430e+03,5.892448e+21,24.012,4.223,1.608,76.562332
2012.10.19_11:48:00_TAI,67.2,1.594398e+21,29.489,118.100,117.805,43.320,0.02001343,2.271242e+12,-0.00612706,96.559,16.941,6.518572e+11,1.626897e+03,5.974034e+21,24.168,4.919,1.943,75.225883
2012.10.19_12:00:00_TAI,67.4,1.594429e+21,28.536,119.468,119.220,43.872,0.07457379,2.288597e+12,-0.00704247,98.960,18.994,6.713585e+11,1.671070e+03,5.985328e+21,23.860,4.079,1.931,73.305382
2012.10.19_12:12:00_TAI,67.6,1.568363e+21,28.368,121.944,121.987,44.146,0.06679882,2.283725e+12,-0.00759396,97.884,19.911,7.360762e+11,1.678140e+03,5.843505e+21,23.729,4.310,1.931,71.204170
2012.10.19_12:24:00_TAI,67.8,1.559164e+21,28.535,121.625,121.093,45.033,-0.11502796,2.240705e+12,-0.00767080,98.156,20.021,9.850976e+11,1.646152e+03,5.705885e+21,23.627,3.525,1.932,70.935570
2012.10.19_12:36:00_TAI,68.0,1.561666e+21,28.630,121.579,121.069,44.550,-0.13724174,2.125358e+12,-0.00796906,92.828,20.767,8.892518e+11,1.638870e+03,5.671937e+21,23.501,3.108,1.924,71.681984
2012.10.19_12:48:00_TAI,68.2,1.523804e+21,28.502,124.199,123.606,45.135,-0.03181479,2.161837e+12,-0.00787413,96.140,19.992,9.530397e+11,1.636433e+03,5.517894e+21,23.473,3.230,0.000,70.683388
2012.10.19_13:00:00_TAI,68.4,1.554381e+21,28.517,119.054,118.470,43.085,-0.06104449,2.199346e+12,-0.00678535,94.720,17.873,7.839134e+11,1.583870e+03,5.540486e+21,23.255,2.999,1.894,71.349037
2012.10.19_13:12:00_TAI,68.6,1.513311e+21,27.708,122.904,122.404,43.596,-0.32218388,2.111607e+12,-0.00834547,92.934,20.839,1.011905e+12,1.636421e+03,5.426580e+21,23.124,3.564,1.888,68.735863
2012.10.19_13:24:00_TAI,68.8,1.479984e+21,27.611,125.071,123.905,45.248,-0.29727805,2.106868e+12,-0.00819014,94.384,19.812,8.752991e+11,1.661252e+03,5.336837e+21,22.856,2.439,1.872,71.538506
2012.10.19_13:36:00_TAI,69.0,1.487377e+21,27.871,122.400,121.546,43.653,-0.10893320,2.113788e+12,-0.00950223,93.408,23.366,1.235711e+12,1.619080e+03,5.287365e+21,22.975,3.091,1.863,71.391174
2012.10.19_13:48:00_TAI,69.2,1.456227e+21,27.845,124.107,122.991,45.143,-0.20783128,2.070244e+12,-0.00809494,92.253,19.258,1.012915e+12,1.655625e+03,5.230812e+21,22.682,2.606,1.834,69.214752
2012.10.19_14:00:00_TAI,69.4,1.463004e+21,27.303,124.147,123.003,44.419,-0.18034682,2.064995e+12,-0.00875329,90.028,21.183,9.527338e+11,1.583635e+03,5.089592e+21,22.852,3.182,0.000,68.526848
2012.10.19_14:12:00_TAI,69.6,1.474539e+21,27.629,124.431,123.741,45.045,-0.28197536,2.030136e+12,-0.00886199,88.792,21.499,1.200631e+12,1.623242e+03,5.229820e+21,22.732,3.298,0.000,67.011604
2012.10.19_14:24:00_TAI,69.8,1.446022e+21,27.437,126.035,125.230,45.332,-0.40082428,1.960960e+12,-0.00850409,86.347,20.180,1.025999e+12,1.649129e+03,5.197146e+21,22.688,2.950,0.000,67.110832
2012.10.19_14:36:00_TAI,70.0,1.447383e+21,27.284,125.171,124.624,45.506,-0.13795726,2.006876e+12,-0.00868926,88.249,20.663,1.063252e+12,1.648609e+03,5.206452e+21,22.638,2.902,0.000,66.448601
2012.10.19_14:48:00_TAI,70.2,1.400923e+21,26.953,125.552,124.261,45.041,-0.56019723,1.917481e+12,-0.00808360,87.611,18.156,8.689810e+11,1.712303e+03,5.107436e+21,22.265,2.404,0.000,64.826057
2012.10.19_15:00:00_TAI,70.4,1.391722e+21,27.005,123.190,121.814,44.414,-0.42441124,1.966684e+12,-0.00764122,87.840,17.254,7.657604e+11,1.668322e+03,5.002838e+21,22.570,2.834,0.000,65.413773
2012.10.19_15:12:00_TAI,70.6,1.381487e+21,26.757,125.476,124.216,45.112,-0.50813109,1.856469e+12,-0.00736007,84.279,16.354,6.599350e+11,1.667501e+03,4.920653e+21,22.208,2.925,0.000,66.776779
2012.10.19_15:24:00_TAI,70.8,1.346933e+21,27.116,128.332,127.341,45.718,-0.47372714,1.768002e+12,-0.00925314,80.574,19.746,9.993013e+11,1.661492e+03,4.710951e+21,21.863,2.904,0.000,66.052460
2012.10.19_15:36:00_TAI,71.0,1.346377e+21,27.034,127.194,126.065,45.496,-0.67993861,1.889055e+12,-0.00899528,86.469,19.115,9.584144e+11,1.685375e+03,4.756285e+21,21.937,2.400,0.000,64.894608
2012.10.19_15:48:00_TAI,71.2,1.303131e+21,26.703,125.276,124.284,45.087,-0.52087462,1.787942e+12,-0.00901086,82.326,18.436,9.505390e+11,1.657515e+03,4.503763e+21,21.685,2.493,0.000,65.391075
2012.10.19_16:00:00_TAI,71.4,1.261670e+21,26.454,125.275,125.204,44.726,-0.63148898,1.669767e+12,-0.01005103,78.899,19.268,1.021650e+12,1.707035e+03,4.345873e+21,21.358,2.139,0.000,65.358337
2012.10.19_16:12:00_TAI,71.6,1.295500e+21,26.501,126.078,126.298,44.988,-0.50936055,1.785293e+12,-0.00811991,83.025,16.094,7.896884e+11,1.704542e+03,4.486666e+21,MISSING,2.220,0.000,65.725800
2012.10.19_16:24:00_TAI,71.8,1.271641e+21,26.051,126.863,127.780,44.144,-0.78873545,1.669161e+12,-0.00809350,78.323,15.313,8.808832e+11,1.767931e+03,4.442209e+21,21.544,2.590,0.000,66.693443
2012.10.19_16:36:00_TAI,72.0,1.293951e+21,26.176,125.467,126.898,43.458,-0.73454964,1.788343e+12,-0.01034474,84.574,20.058,1.234585e+12,1.764720e+03,4.544292e+21,21.654,2.888,0.000,67.495956
2012.10.19_16:48:00_TAI,72.2,1.277732e+21,25.808,123.672,125.296,43.343,-1.13720131,1.756593e+12,-0.00930355,85.466,17.574,1.120011e+12,1.820731e+03,4.567623e+21,21.715,1.959,0.000,66.988907
2012.10.19_17:00:00_TAI,72.4,1.302750e+21,26.376,124.216,125.418,43.713,-0.84615195,1.856296e+12,-0.00959881,89.293,18.650,9.789534e+11,1.799672e+03,4.643856e+21,21.924,2.625,0.000,66.179924
2012.10.19_17:12:00_TAI,72.6,1.371355e+21,26.253,122.567,124.729,41.573,-0.59218377,1.960358e+12,-0.00715642,92.135,14.835,6.741426e+11,1.783666e+03,4.910495e+21,22.146,1.785,0.000,67.135948
2012.10.19_17:24:00_TAI,72.8,1.390696e+21,26.764,125.543,127.300,44.135,-0.35695758,1.998839e+12,-0.00831556,94.719,17.280,6.937345e+11,1.839821e+03,5.077310e+21,21.883,2.647,0.000,67.888771
2012.10.19_17:36:00_TAI,73.0,1.438224e+21,26.757,121.027,122.470,42.513,-0.20220450,1.970333e+12,-0.00718105,92.391,15.791,6.407834e+11,1.830116e+03,5.344614e+21,22.605,3.092,0.000,68.199257
2012.10.19_17:48:00_TAI,73.2,1.447936e+21,26.643,121.257,121.883,43.523,-0.06283347,2.001806e+12,-0.00726095,91.987,16.177,6.741354e+11,1.764708e+03,5.221563e+21,22.250,2.962,0.000,67.202362
2012.10.19_18:24:00_TAI,73.8,1.545793e+21,26.767,117.180,117.464,41.596,-0.37698340,1.830591e+12,-0.00689755,80.594,17.147,1.012240e+12,1.603250e+03,5.293158e+21,22.276,1.971,0.000,65.924782
2012.10.19_18:36:00_TAI,74.0,1.560195e+21,26.725,118.845,119.083,42.006,-0.46109644,1.842491e+12,-0.00602126,81.532,15.065,8.444723e+11,1.556854e+03,5.175133e+21,21.764,1.438,0.000,64.949562
2012.10.19_18:48:00_TAI,74.2,1.554610e+21,26.599,119.371,119.570,41.452,-0.20660171,1.795934e+12,-0.00547027,81.182,13.599,6.336286e+11,1.530655e+03,5.053485e+21,21.471,1.006,0.000,64.036209
2012.10.19_19:00:00_TAI,74.4,1.515987e+21,26.143,118.280,118.903,40.971,-0.36355388,1.716859e+12,-0.00545798,78.449,13.116,6.050024e+11,1.493108e+03,4.764942e+21,21.174,0.791,0.000,64.592186
2012.10.19_19:12:00_TAI,74.6,1.519279e+21,25.911,115.289,115.579,39.625,-0.27134842,1.729541e+12,-0.00532084,78.354,13.057,5.919039e+11,1.466104e+03,4.778065e+21,21.477,0.774,0.000,63.205910
2012.10.19_19:24:00_TAI,74.8,1.519826e+21,26.260,116.453,116.437,39.994,-0.09604239,1.724932e+12,-0.00532570,76.971,13.181,6.404597e+11,1.461693e+03,4.804453e+21,21.651,1.333,0.000,62.464237
2012.10.19_19:36:00_TAI,75.0,1.486162e+21,26.080,116.249,116.006,39.778,-0.16418378,1.667020e+12,-0.00447190,75.288,10.665,5.577568e+11,1.527124e+03,4.836992e+21,21.787,1.300,0.000,61.027603
2012.10.19_19:48:00_TAI,75.2,1.434260e+21,26.054,116.031,116.204,39.216,-0.14699090,1.566038e+12,-0.00371027,70.778,8.367,4.808020e+11,1.514379e+03,4.535173e+21,21.140,0.355,0.000,62.303455
2012.10.19_20:00:00_TAI,75.4,1.427996e+21,26.154,119.560,119.729,40.760,-0.29126638,1.649636e+12,-0.00400988,74.367,8.966,4.834573e+11,1.533157e+03,4.552719e+21,21.200,1.073,0.000,60.520561
2012.10.19_20:12:00_TAI,75.6,1.421308e+21,26.414,120.528,120.946,41.125,-0.18978043,1.630182e+12,-0.00513407,74.442,11.326,7.072418e+11,1.600422e+03,4.688702e+21,21.561,1.496,0.000,60.893932
2012.10.19_20:24:00_TAI,75.8,1.384898e+21,26.496,121.210,121.443,42.140,-0.22797896,1.706405e+12,-0.00454761,79.087,9.677,4.015273e+11,1.610011e+03,4.550015e+21,21.452,1.081,0.000,60.473610
2012.10.19_20:36:00_TAI,76.0,1.343643e+21,26.561,122.685,123.300,42.552,0.21736851,1.642883e+12,-0.00606771,76.524,12.427,7.572937e+11,1.668913e+03,4.539167e+21,21.747,1.660,0.000,58.755119
2012.10.19_20:48:00_TAI,76.2,1.359944e+21,26.784,125.351,125.726,43.990,-0.05416971,1.743052e+12,-0.00668401,80.547,13.829,8.198277e+11,1.732275e+03,4.759812e+21,22.156,2.078,0.000,57.858841
2012.10.19_21:24:00_TAI,76.8,1.296986e+21,26.404,123.880,124.823,43.077,0.14735754,1.576888e+12,-0.00407450,74.508,7.847,3.556271e+11,1.788454e+03,4.574532e+21,21.732,1.038,0.000,57.554394
2012.10.19_21:36:00_TAI,77.0,1.301904e+21,26.583,123.835,125.006,43.682,-0.15041752,1.584027e+12,-0.00520394,75.090,9.997,4.814641e+11,1.872579e+03,4.777274e+21,22.441,1.978,0.000,58.503269
2012.10.19_21:48:00_TAI,77.2,1.291523e+21,26.998,123.665,125.861,43.938,0.00417682,1.550174e+12,-0.00484573,71.832,9.304,4.169529e+11,1.873336e+03,4.776716e+21,22.614,2.812,0.000,57.687199
2012.10.19_22:00:00_TAI,77.4,1.304219e+21,26.884,125.266,126.982,44.141,-0.14930160,1.585349e+12,-0.00610783,73.330,11.892,7.397850e+11,1.808697e+03,4.676753e+21,22.084,1.900,0.000,56.835911
2012.10.19_22:12:00_TAI,77.6,1.319885e+21,27.185,122.060,124.039,43.341,0.07617339,1.672521e+12,-0.00473134,75.708,9.600,3.112974e+11,1.744034e+03,4.699476e+21,22.658,2.316,0.000,57.114281
2012.10.19_22:24:00_TAI,77.8,1.285398e+21,26.485,123.833,125.391,43.965,0.18833421,1.610811e+12,-0.00437430,75.028,8.394,1.884594e+11,1.802274e+03,4.593126e+21,22.298,2.710,0.000,57.218033
2012.10.19_22:36:00_TAI,78.0,1.338214e+21,27.375,122.312,123.215,43.854,0.07619409,1.712739e+12,-0.00577947,77.628,11.848,4.204430e+11,1.782683e+03,4.853339e+21,22.898,3.171,0.000,55.927528
2012.10.19_22:48:00_TAI,78.2,1.366954e+21,26.873,122.363,124.431,42.483,-0.10498112,1.704029e+12,-0.00405285,76.614,8.491,3.087876e+11,1.728514e+03,4.809163e+21,22.600,3.246,0.000,57.913116
2012.10.19_23:00:00_TAI,78.4,1.343943e+21,26.927,120.487,122.161,41.928,-0.07134867,1.588864e+12,-0.00422620,71.882,8.769,1.971789e+11,1.685603e+03,4.645003e+21,22.328,2.361,0.000,56.364395
2012.10.19_23:12:00_TAI,78.6,1.391429e+21,27.199,118.154,120.068,40.823,0.01453720,1.672030e+12,-0.00496895,74.581,10.852,4.298598e+11,1.653936e+03,4.797154e+21,22.737,3.388,0.000,59.637974
2012.10.19_23:24:00_TAI,78.8,1.369380e+21,26.661,120.045,121.884,41.682,0.04617923,1.672262e+12,-0.00432122,75.659,9.144,2.082393e+11,1.705507e+03,4.792716e+21,22.603,3.119,0.000,57.722527
2012.10.19_23:36:00_TAI,79.0,1.373223e+21,26.587,121.904,123.434,41.353,-0.35198399,1.674191e+12,-0.00485143,74.660,10.309,4.740804e+11,1.658283e+03,4.679831e+21,22.248,3.200,0.000,58.604858
2012.10.19_23:48:00_TAI,79.2,1.352177e+21,26.478,121.493,123.149,41.166,-0.11913059,1.645062e+12,-0.00511302,73.049,10.666,4.398751e+11,1.692197e+03,4.687893e+21,22.280,2.972,0.000,57.811199
2012.10.20_00:00:00_TAI,79.4,1.389202e+21,26.713,118.283,119.788,40.463,-0.14544721,1.676964e+12,-0.00421695,72.264,9.298,4.866694e+11,1.539251e+03,4.507448e+21,22.134,2.857,0.000,56.006386
2012.10.20_00:12:00_TAI,79.6,1.331770e+21,26.929,121.491,123.590,41.689,0.21024276,1.640501e+12,-0.00476677,72.466,9.848,2.728481e+11,1.625351e+03,4.459541e+21,22.068,2.807,0.000,56.516415
2012.10.20_00:24:00_TAI,79.8,1.324538e+21,27.006,117.687,120.054,41.678,0.12181966,1.616573e+12,-0.00507403,71.371,10.437,5.366768e+11,1.673907e+03,4.572758e+21,22.423,2.479,1.993,53.964287
2012.10.20_00:36:00_TAI,80.0,1.311207e+21,26.649,117.139,119.125,41.554,0.23806980,1.545801e+12,-0.00488416,69.496,9.837,4.347416e+11,1.678489e+03,4.489422e+21,22.309,3.476,2.006,53.954891
2012.10.20_00:48:00_TAI,80.2,1.290284e+21,26.798,117.146,119.031,42.288,-0.09341004,1.466739e+12,-0.00597148,67.039,11.752,5.600492e+11,1.704904e+03,4.455921e+21,22.457,2.896,1.990,53.179783
2012.10.20_01:00:00_TAI,80.4,1.257964e+21,27.003,118.739,120.647,43.492,-0.02250020,1.522459e+12,-0.00468749,67.685,8.977,3.996165e+11,1.740030e+03,4.425252e+21,22.545,3.446,1.982,52.490170
2012.10.20_01:12:00_TAI,80.6,1.264671e+21,26.650,121.756,123.826,43.137,-0.07875294,1.491127e+12,-0.00393242,67.679,7.531,3.348823e+11,1.704790e+03,4.335629e+21,22.104,2.768,1.992,52.296242
2012.10.20_01:24:00_TAI,80.8,1.241995e+21,26.792,120.394,121.589,44.576,0.09821047,1.497932e+12,-0.00396096,68.043,7.451,2.493721e+11,1.707148e+03,4.264541e+21,22.242,2.711,0.000,50.269756
2012.10.20_01:36:00_TAI,81.0,1.175248e+21,26.321,124.178,126.251,44.357,-0.01252770,1.362011e+12,-0.00628873,65.343,10.798,4.412951e+11,1.762184e+03,4.018223e+21,21.548,2.097,2.154,50.689850
2012.10.20_01:48:00_TAI,81.2,1.165477e+21,26.361,126.099,128.108,44.848,-0.10803869,1.322450e+12,-0.00493390,63.885,8.358,3.501784e+11,1.762909e+03,3.966029e+21,21.403,1.712,0.000,48.906216
2012.10.20_02:00:00_TAI,81.4,1.168392e+21,27.022,124.526,126.800,44.591,0.01183407,1.379366e+12,-0.00322719,63.368,5.606,1.038197e+11,1.793407e+03,4.137055e+21,22.213,2.994,0.000,47.151398
2012.10.20_02:12:00_TAI,81.6,1.150303e+21,26.890,127.121,128.993,46.276,0.06117082,1.457844e+12,-0.00282876,68.231,4.769,1.631888e+11,1.861725e+03,4.168556e+21,22.333,2.610,0.000,46.123505
2012.10.20_02:24:00_TAI,81.8,1.099979e+21,26.521,126.596,128.170,46.892,-0.45234302,1.309829e+12,-0.00400748,62.839,6.364,4.152965e+11,1.810497e+03,3.818219e+21,21.583,1.889,0.000,46.143425
2012.10.20_02:36:00_TAI,82.0,1.093760e+21,25.763,124.583,125.600,45.442,-0.02168395,1.224738e+12,-0.00376511,58.813,5.926,2.233935e+11,1.774073e+03,3.708419e+21,21.085,1.080,0.000,46.681259
2012.10.20_02:48:00_TAI,82.2,1.113023e+21,26.177,121.212,122.199,44.943,-0.06222815,1.253121e+12,-0.00392185,57.840,6.424,1.529119e+11,1.655896e+03,3.602132e+21,20.896,1.038,0.000,47.901165
2012.10.20_03:00:00_TAI,82.4,1.133112e+21,26.146,118.774,120.138,43.457,-0.15879744,1.212187e+12,-0.00434393,56.162,7.254,3.431383e+11,1.653433e+03,3.667040e+21,21.045,1.018,0.000,47.482738
2012.10.20_03:12:00_TAI,82.6,1.094287e+21,26.067,124.122,125.338,45.500,-0.26025155,1.215236e+12,-0.00243576,56.884,3.868,2.156085e+11,1.658265e+03,3.497172e+21,20.578,0.756,0.000,44.061054
2012.10.20_03:24:00_TAI,82.8,1.103249e+21,26.520,122.204,123.417,44.192,-0.24524358,1.229381e+12,-0.00286423,58.368,4.689,2.094469e+11,1.585931e+03,3.447827e+21,20.744,1.466,0.000,44.627468
2012.10.20_03:36:00_TAI,83.0,1.117239e+21,26.604,119.134,119.894,43.521,-0.06679716,1.210507e+12,-0.00365100,54.540,6.232,4.000301e+11,1.479200e+03,3.353305e+21,20.700,0.937,0.000,42.118950
2012.10.20_03:48:00_TAI,83.2,1.125187e+21,26.523,118.666,119.415,42.835,0.22041781,1.244300e+12,-0.00463048,56.098,7.974,3.696915e+11,1.471346e+03,3.364809e+21,20.509,0.465,0.000,41.133331
2012.10.20_04:00:00_TAI,83.4,1.108033e+21,26.294,116.876,117.724,42.283,0.16324693,1.167294e+12,-0.00519907,53.361,8.766,4.086745e+11,1.460975e+03,3.271243e+21,20.486,0.771,0.000,40.619804
2012.10.20_04:12:00_TAI,83.6,1.125490e+21,26.099,115.291,116.114,41.060,0.03632698,1.170812e+12,-0.00479202,53.303,8.376,3.208311e+11,1.416266e+03,3.287749e+21,20.506,0.458,0.000,39.483345
2012.10.20_04:24:00_TAI,83.8,1.130756e+21,26.406,113.167,113.811,40.505,0.31765869,1.239055e+12,-0.00312836,55.913,5.590,2.961650e+11,1.390920e+03,3.300952e+21,20.952,0.616,0.000,38.087357
2012.10.20_04:36:00_TAI,84.0,1.157062e+21,26.467,110.472,110.925,39.631,0.24501635,1.278363e+12,-0.00471075,58.254,8.743,3.440056e+11,1.386042e+03,3.416387e+21,21.174,1.293,0.000,37.556240
2012.10.20_04:48:00_TAI,84.2,1.129595e+21,25.995,108.675,109.125,39.336,0.35554594,1.182765e+12,-0.00294150,53.751,5.283,3.331617e+11,1.373551e+03,3.276150e+21,20.741,0.557,0.000,37.827374
2012.10.20_05:12:00_TAI,84.6,1.154618e+21,25.219,109.093,109.885,36.644,0.27649412,1.160430e+12,-0.00280551,51.070,5.182,2.664452e+11,1.301449e+03,3.192322e+21,20.689,0.596,0.000,36.646069
2012.10.20_05:24:00_TAI,84.8,1.165645e+21,25.666,104.170,104.503,36.188,0.29773176,1.173071e+12,-0.00340385,51.763,6.539,2.984062e+11,1.310736e+03,3.343915e+21,21.420,0.833,0.000,35.549839
2012.10.20_05:36:00_TAI,85.0,1.180315e+21,25.994,103.482,103.810,36.268,0.13230199,1.278735e+12,-0.00333793,54.776,6.566,1.675269e+11,1.335945e+03,3.489840e+21,21.658,1.373,0.000,34.630680
2012.10.20_05:48:00_TAI,85.2,1.167673e+21,25.893,103.707,104.193,36.011,0.19221833,1.319776e+12,-0.00386572,57.523,7.430,2.915922e+11,1.373694e+03,3.506358e+21,21.429,1.353,0.000,34.359516
2012.10.20_06:24:00_TAI,85.8,1.130788e+21,25.718,103.846,103.765,37.302,-0.04047525,1.279070e+12,-0.00432666,54.676,7.909,4.569214e+11,1.458088e+03,3.539749e+21,21.864,0.930,0.000,33.249264
2012.10.20_06:36:00_TAI,86.0,1.108948e+21,26.147,103.969,104.386,36.275,-0.05458284,1.231650e+12,-0.00383792,52.965,6.866,3.507330e+11,1.505684e+03,3.577309e+21,22.220,1.342,0.000,32.682243
2012.10.20_06:48:00_TAI,86.2,1.105603e+21,25.663,107.521,108.083,37.044,-0.03809215,1.290899e+12,-0.00515639,56.427,9.060,3.692307e+11,1.531370e+03,3.573257e+21,21.968,1.594,0.000,33.879025
2012.10.20_07:00:00_TAI,86.4,1.003150e+21,24.838,112.806,113.401,37.841,-0.11033212,1.102145e+12,-0.00509928,51.238,7.639,3.629563e+11,1.650390e+03,3.283302e+21,21.583,1.001,0.000,33.910168
2012.10.20_07:12:00_TAI,86.6,9.749756e+20,25.091,105.956,106.865,36.800,-0.25379199,1.060914e+12,-0.00487790,48.835,7.224,2.908650e+11,1.552894e+03,3.054282e+21,21.226,1.148,0.000,32.223656
2012.10.20_07:24:00_TAI,86.8,1.006544e+21,24.986,107.524,108.326,36.736,-0.18168056,1.165475e+12,-0.00569081,52.694,8.923,4.713057e+11,1.535701e+03,3.197903e+21,21.564,1.276,0.000,31.417046
2012.10.20_07:36:00_TAI,87.0,9.625520e+20,25.068,109.978,110.408,37.976,-0.08780382,1.040644e+12,-0.00409047,47.938,6.021,3.810777e+11,1.528782e+03,2.988586e+21,21.130,0.815,0.000,30.993505
2012.10.20_08:00:00_TAI,87.4,9.320795e+20,25.129,110.316,110.934,38.363,-0.30327627,9.928648e+11,-0.00384386,44.658,5.520,2.910527e+11,1.521318e+03,2.901263e+21,21.166,1.462,0.000,28.490576
2012.10.20_08:12:00_TAI,87.6,9.033668e+20,25.239,113.722,113.695,38.639,-0.27631706,9.916563e+11,-0.00407115,44.177,5.712,4.063566e+11,1.437375e+03,2.678183e+21,20.750,1.069,0.000,29.201004
2012.10.20_08:24:00_TAI,87.8,9.034822e+20,24.708,114.701,114.569,38.642,0.06103061,9.710243e+11,-0.00431110,43.314,5.984,3.634754e+11,1.428915e+03,2.633956e+21,20.093,0.504,0.000,28.887192
2012.10.20_08:36:00_TAI,88.0,9.317670e+20,24.674,112.048,112.364,35.638,0.11471482,9.952391e+11,-0.00441146,44.160,6.467,2.874820e+11,1.391349e+03,2.708836e+21,20.499,0.887,0.000,28.078846
2012.10.20_08:48:00_TAI,88.2,9.406131e+20,25.322,107.517,107.544,34.930,0.42295441,1.016554e+12,-0.00431461,44.816,6.593,3.858130e+11,1.351499e+03,2.742532e+21,21.090,1.440,0.000,27.746046
2012.10.20_09:00:00_TAI,88.4,9.264062e+20,24.818,108.833,108.704,34.747,0.29927015,1.002428e+12,-0.00392744,43.356,5.950,3.532627e+11,1.298441e+03,2.612447e+21,20.749,0.924,0.000,27.971251
2012.10.20_09:12:00_TAI,88.6,9.082386e+20,25.092,111.866,111.209,36.192,0.08037748,9.883196e+11,-0.00278675,42.729,4.130,1.887975e+11,1.307902e+03,2.574163e+21,20.772,1.080,0.000,26.822639
2012.10.20_09:24:00_TAI,88.8,9.105941e+20,24.700,110.184,109.533,34.803,-0.11262969,9.845527e+11,-0.00191373,41.989,2.863,8.788618e+10,1.284728e+03,2.552440e+21,20.392,0.802,0.000,25.862099
2012.10.20_09:36:00_TAI,89.0,9.259512e+20,25.119,99.828,99.114,31.789,0.04254399,1.019813e+12,-0.00149068,40.986,2.403,3.577075e+10,1.203037e+03,2.575470e+21,21.174,0.620,0.000,22.559122
2012.10.20_09:48:00_TAI,89.2,8.873559e+20,24.414,97.906,97.864,30.626,-0.24078949,9.082993e+11,-0.00040659,36.957,0.624,1.927787e+11,1.159985e+03,2.364686e+21,20.881,0.651,0.000,22.888660
2012.10.20_10:00:00_TAI,89.4,8.487791e+20,24.964,93.819,93.908,29.189,-0.09594820,9.167589e+11,-0.00132652,35.738,2.043,7.706527e+10,1.051969e+03,2.151475e+21,21.095,1.104,0.000,21.211308
2012.10.20_10:12:00_TAI,89.6,7.671624e+20,24.627,95.486,95.177,29.203,0.11408504,7.885010e+11,-0.00209609,32.268,2.840,1.669851e+11,1.121938e+03,2.018928e+21,21.008,0.738,0.000,18.737219
2012.10.20_10:24:00_TAI,89.8,7.262357e+20,24.855,97.340,97.041,30.117,0.07432811,7.713317e+11,-0.00320882,31.268,4.053,1.774592e+11,1.131223e+03,1.897422e+21,20.843,0.396,0.000,17.689253
2012.10.20_10:36:00_TAI,90.0,6.849687e+20,24.346,98.155,98.027,30.435,-0.05826209,7.201836e+11,-0.00253153,29.465,2.972,1.517183e+11,1.140500e+03,1.778181e+21,20.842,0.681,0.000,17.302929
2012.10.20_10:48:00_TAI,90.2,6.716787e+20,24.212,93.804,94.390,28.107,0.03809778,6.639370e+11,-0.00151881,26.659,1.756,8.156804e+10,1.088324e+03,1.670815e+21,20.542,0.000,0.000,17.266932
2012.10.20_11:00:00_TAI,90.4,6.558477e+20,24.568,92.888,93.072,28.612,0.02210375,6.438323e+11,-0.00117058,25.889,1.334,7.634904e+10,1.043656e+03,1.580065e+21,20.307,0.614,0.000,17.029610
2012.10.20_11:12:00_TAI,90.6,6.335234e+20,24.390,91.195,91.853,27.492,0.32805645,6.229679e+11,-0.00221269,24.530,2.443,1.989494e+11,1.000713e+03,1.467206e+21,19.822,0.000,0.000,16.300852
2012.10.20_11:24:00_TAI,90.8,5.947070e+20,25.185,91.983,92.611,29.047,0.10483602,5.904112e+11,-0.00114875,23.279,1.217,5.789173e+10,1.021097e+03,1.436070e+21,20.701,0.755,0.000,15.265921
